Data da Coleta,Valor de Venda,Variacao,Media_4,Desvio_Media_4,Volatilidade_4
2004-05-16,1.982896584973885,,,,
2004-05-23,1.97959456217513,-0.1665252148688623,,,
2004-05-30,1.9801643573817487,0.028783429572198926,,,
2004-06-06,1.9957323527060518,0.7861971288528613,1.9845969643092038,0.011135388396847912,
2004-06-13,2.005458250259191,0.48733476410058874,1.9902373806305305,0.01522086962866065,0.43268750793144156
2004-06-20,2.0424150295479953,1.842809706162063,2.0059424974737468,0.0364725320742485,0.7701567665397816
2004-06-27,2.123855586592179,3.9874636577761358,2.041865304776354,0.08199028181582513,1.5848662247402936
2004-07-04,2.186874876788185,2.967211640652234,2.0896509357968878,0.09722394099129739,1.503959728368721
2004-07-11,2.1105493204037833,-3.490165678637247,2.115923703333036,-0.005374382929252519,3.3286386513138284
2004-07-18,2.1074709692898272,-0.14585544550871354,2.132187688268494,-0.024716718978666563,3.3740863077139855
2004-07-25,2.1056418374671027,-0.08679274112805002,2.1276342509872244,-0.021992413520121712,2.637655176805922
2004-08-01,2.1052970186236113,-0.016375949478009133,2.1072397864460815,-0.0019427678224701594,1.7044008047081582
2004-08-08,2.1140298221832388,0.4148014974788117,2.1081099118909448,0.005919910292293995,0.25446984860282107
2004-08-15,2.1285367743483126,0.6862226829937423,2.1133763631555667,0.015160411192745915,0.36598456704048943
2004-08-22,2.1326240331711985,0.1920219970894088,2.1201219120815904,0.012502121089608131,0.301457987252132
2004-08-29,2.1299941707258645,-0.12331580271199849,2.1262962001071535,0.0036979706187110217,0.34301302213805335
2004-09-05,2.1260408114367864,-0.1856042304440142,2.1292989474205406,-0.00325813598375424,0.39849596283144184
2004-09-12,2.127134906037585,0.05146159918063553,2.1289484803428587,-0.0018135743052738462,0.1713728676459282
2004-09-19,2.1257483058279516,-0.06518628440995711,2.1272295485070467,-0.0014812426790951072,0.10087675954208049
2004-09-26,2.1221164055004795,-0.17085279181523472,2.1252601072007007,-0.0031437017002211576,0.10996746572719751
2004-10-03,2.1226999680306906,0.027499081987136798,2.1244248963491765,-0.0017249283184859188,0.1011204204536064
2004-10-10,2.1267593762495003,0.19123796485358557,2.1243310139021556,0.0024283623473446703,0.15350705391230263
2004-10-17,2.1345946963627624,0.36841591957994524,2.126542611535858,0.008052084826904338,0.2301612957169686
2004-10-24,2.1897194926140013,2.582447915998709,2.1434433833142386,0.04627610929976278,1.2014578989570774
2004-10-31,2.194150553150553,0.20235745041763398,2.161306029594204,0.032844523556348815,1.1670384320204215
2004-11-07,2.1974687449783064,0.1512289948831791,2.1789833717764058,0.01848537320190058,1.1745550023417117
2004-11-14,2.2142023512360094,0.7614946194772099,2.1988852854947174,0.01531706574129199,1.1394150399877359
2004-11-21,2.219154186795491,0.2236397028807069,2.2062439590400897,0.012910227755401404,0.2861609077599619
2004-11-28,2.2255978067004096,0.29036377658027135,2.214105772427554,0.011492034272855722,0.2757913183185507
2004-12-05,2.31497109268057,4.015697971623289,2.24348135935312,0.07148973332745001,1.8111544320281252
2004-12-12,2.320243445391668,0.22775026123513786,2.269991632892035,0.050251812499633175,1.884470705661043
2004-12-19,2.315569877774204,-0.20142574378332334,2.294095555636713,0.021474322137490898,1.9672477513089925
2004-12-26,2.318634852763211,0.13236374416620844,2.317354817152413,0.001280035610797814,1.9899261096626835
2005-01-02,2.316535164746637,-0.09055707991587614,2.31774583516893,-0.0012106704222931697,0.1974865335188641
2005-01-09,2.3163829136835328,-0.006572361405132732,2.3167807022418963,-0.0003977885583634766,0.14074962750148295
2005-01-16,2.3135556807209525,-0.12205378246743503,2.316277152978583,-0.0027214722576305306,0.11369060607802377
2005-01-23,2.312541198201092,-0.043849496613124206,2.3147537393380535,-0.0022125411369615655,0.05088264872789319
2005-01-30,2.308931175714745,-0.15610629938853648,2.3128527420800804,-0.0039215663653355826,0.06889788097412985
2005-02-06,2.307646983208805,-0.05561848354107557,2.3106687594613984,-0.0030217762525932557,0.05364002946691217
2005-02-13,2.305538096005155,-0.09138690705273733,2.3086643632824493,-0.003126267277294481,0.05046920283085522
2005-02-20,2.3028135634223044,-0.11817339247489622,2.306232454587752,-0.0034188911654475795,0.0424610790985115
2005-02-27,2.300178879484079,-0.11441151728799337,2.304044380530086,-0.003865501046006692,0.028738646674334678
2005-03-06,2.30484141324514,0.20270309420920007,2.3033429880391694,0.0014984252059706549,0.1557974447684836
2005-03-13,2.3048237241602068,-0.000767475143048646,2.303164395077933,0.0016593290822739526,0.1504540180500242
2005-03-20,2.3025660133881765,-0.09795589781396163,2.3031025075694007,-0.0005364941812242563,0.14577068867759915
2005-03-27,2.3060082198404386,0.14949436551427997,2.3045598426584903,0.001448377181948235,0.13780515047415107
2005-04-03,2.3052654838709676,-0.03220873035406635,2.3046658603149472,0.00059962355602039,0.10471512971175036
2005-04-10,2.31369833710042,0.36580833263906154,2.306884513550001,0.006813823550419151,0.2079376737857151
2005-04-17,2.315729790842284,0.08780114975617259,2.3101754579135276,0.005554332928756178,0.16676374200851832
2005-04-24,2.3126882613957243,-0.1313421565239392,2.311845468302349,0.0008427930933754268,0.21508095011700284
2005-05-01,2.3123343016218834,-0.015305122603392896,2.313612672740078,-0.00127837111819451,0.212487912147309
2005-05-08,2.3089820103259115,-0.1449743358311384,2.3124335910464504,-0.0034515807205388604,0.10927932603749534
2005-05-15,2.308644670871745,-0.014609877974713914,2.3106623110538163,-0.0020176401820712897,0.07134793532718449
2005-05-22,2.2993077731092435,-0.4044319977130062,2.307317188982196,-0.008009415872952452,0.18360028330938175
2005-05-29,2.2916220587046174,-0.33426209811977525,2.3021391282528794,-0.010517069548261926,0.1777652170756613
2005-06-05,2.289601450443191,-0.08817371318936562,2.297293988282199,-0.007692537839008029,0.18820491387244676
2005-06-12,2.282916349809886,-0.2919766071955765,2.2908619080167343,-0.007945558206848169,0.13585301730818158
2005-06-19,2.275656116269681,-0.31802451021955,2.284948993806844,-0.009292877537162791,0.11462137560748735
2005-06-26,2.277077450584913,0.06245822051365035,2.2813128417769177,-0.004235391192004556,0.17984406131498795
2005-07-03,2.275696111648919,-0.06066279983755196,2.2778365070783497,-0.002140395429430786,0.18393150034476966
2005-07-10,2.2799536670170615,0.18708804511942123,2.277095836380144,0.00285783063691758,0.2156796837767527
2005-07-17,2.2880840743734843,0.35660406060180616,2.2802028259060942,0.007881248467390023,0.17828837772402742
2005-07-24,2.289999433656958,0.0837101793996764,2.2834333216741056,0.006566111982852174,0.1756486559762123
2005-07-31,2.2889829135962425,-0.044389533280009275,2.2867550221609365,0.0022278914353059953,0.16947984173343647
2005-08-07,2.291366556103875,0.1041354434528019,2.2896082444326398,0.001758311671235191,0.16780289327329903
2005-08-14,2.292465121931459,0.04794369650973351,2.2907035063221333,0.0017616156093258617,0.06573214305039468
2005-08-21,,,,,
2005-08-28,,,,,
2005-09-04,2.2973123197363,,,,
2005-09-11,2.291210935369512,-0.26558793570951034,,,
2005-09-18,2.4824852023888524,8.348173625860111,,,
2005-09-25,2.4857114688630975,0.1299611563098324,2.3891799815894403,0.09653148727365712,
2005-10-02,2.4784959723820483,-0.2902789230139091,2.434475894750878,0.04402007763117055,4.249435622592679
2005-10-09,2.4877123647097408,0.3718542386346835,2.4836012520859345,0.004111112623806257,4.14786173741111
2005-10-16,2.4984958456973296,0.43346976686540195,2.487603912913054,0.010891932784275582,0.3282860068349813
2005-10-23,2.481908292406498,-0.6639015757979871,2.486653118798904,-0.004744826392406143,0.5309297521549043
2005-10-30,2.4859843847595253,0.16423219042775994,2.4885252218932736,-0.0025408371337483082,0.5068046769038936
2005-11-06,2.495067531802271,0.3653742597270693,2.490364013666406,0.0047035181358650036,0.5055543283332898
2005-11-13,2.504383840012902,0.37338902021228915,2.491836012245299,0.012547827767602993,0.4920581782001239
2005-11-20,2.511851655629139,0.2981897382071663,2.4993218530509593,0.012529802578179705,0.09677390506834313
2005-11-27,2.500902888025671,-0.4358843237788901,2.5030514788674956,-0.0021485908418243937,0.39221978529782614
2005-12-04,2.5011529537600787,0.009999018178796781,2.5045728343569476,-0.0034198805968688184,0.3666698270825687
2005-12-11,2.503966267235719,0.11248066502334009,2.504468441162652,-0.0005021739269328584,0.3117724975808096
2005-12-18,2.510230511247444,0.2501728595026398,2.5040631550672283,0.006167356180215577,0.29683548708674456
2005-12-25,2.5112579583778896,0.04093038969297247,2.506651922655283,0.0046060357226065385,0.1068502477115898
2006-01-01,2.5131664041124284,0.07599560722832965,2.5096552852433702,0.003511118869058194,0.09163307155229906
2006-01-08,2.522898948551248,0.3872622371082768,2.514388455572252,0.008510492978995643,0.16098029297759883
2006-01-15,2.5480000810898478,0.9949321415752221,2.523830848032853,0.0241692330569947,0.4417662129111592
2006-01-22,2.5435625745882726,-0.17415645056326756,2.531907002085449,0.011655572502823563,0.50457317878428
2006-01-29,2.546438390677899,0.11306252570144615,2.540224998726817,0.006213391951082059,0.4988817523048847
2006-02-05,2.547746835443038,0.051383327000120715,2.5464369704497645,0.0013098649932734574,0.514126587549058
2006-02-12,2.55172902893449,0.15630255863940956,2.5473692074109247,0.004359821523565177,0.14698303686756467
2006-02-19,2.555998172641838,0.16730395974413614,2.550478106924316,0.005520065717521838,0.05258550676254442
2006-02-26,2.560275215631051,0.16733356991380788,2.553937313162604,0.006337902468446899,0.05637139641697975
2006-03-05,2.5819410102739724,0.8462291284408341,2.562485856870338,0.019455153403634462,0.34133072313962526
2006-03-12,2.633181951261517,1.9845899183462468,2.582849087452095,0.05033286380942226,0.8574503262676866
2006-03-19,2.6335402667567114,0.013607699802986595,2.602234610980813,0.03130565577589817,0.8972572139434025
2006-03-26,2.6306127167630056,-0.11116404904304433,2.6198189862638017,0.010793730499203846,0.9660162617103207
2006-04-02,2.623190464005459,-0.2821492008401649,2.6301313496966734,-0.006940885691214316,1.0625181523082645
2006-04-09,2.6215558121632023,-0.0623154080760413,2.6272248149220947,-0.005669002758892372,0.12541712409613795
2006-04-16,2.632509237973606,0.4178215760115789,2.6269670577263184,0.005542180247287476,0.30003686047856737
2006-04-23,2.6322304617739603,-0.010589751998757446,2.627371493979057,0.004858967794903357,0.2927988291323698
2006-04-30,2.6327762911198227,0.02073638132333855,2.629767950757648,0.0030083403621747884,0.2202837017622294
2006-05-07,2.6283403658017863,-0.1684885013967352,2.631464089167294,-0.0031237233655074803,0.2494480277548551
2006-05-14,2.6227766195727082,-0.2116828665522097,2.6290309345670693,-0.006254314994361021,0.1147614549895231
2006-05-21,2.619010246776535,-0.14360250004008535,2.625725880817713,-0.006715634041178031,0.1016333416011983
2006-05-28,2.611628495681177,-0.28185270005886,2.6204389319580517,-0.008810436276874611,0.060558764454422265
2006-06-04,2.6015242735190136,-0.38689354856070723,2.6137349088873583,-0.012210635368344658,0.10392094626769373
2006-06-11,2.5931991863027632,-0.32000805454677206,2.6063405505698722,-0.01314136426710899,0.10262620360472155
2006-06-18,2.589578437973405,-0.13962476729449946,2.5989825983690897,-0.009404160395684702,0.10443173432388812
2006-06-25,2.5837258771929825,-0.22600438336221051,2.592006943747041,-0.00828106655405847,0.10814230653968633
2006-07-02,2.589582540477383,0.22667510265304003,2.5890215104866336,0.0005610299907492511,0.23923368017077318
2006-07-09,2.592044630872483,0.09507672980550996,2.5887328716290634,0.003311759243419754,0.2085768754289977
2006-07-16,2.5914013331138905,-0.024818159029005304,2.5891885954141847,0.002212737699705869,0.19223021613195854
2006-07-23,2.5915681570338056,0.006437594894448395,2.5911491653743908,0.00041899165941483574,0.11264995746078156
2006-07-30,2.600626280436608,0.34952287008995775,2.5939101003641967,0.006716180072411149,0.16975230808523142
2006-08-06,2.600278167250876,-0.013385744362826024,2.595968484458795,0.004309682792081215,0.18051822660042116
2006-08-13,2.5951513283917715,-0.19716501579232215,2.5969059832782655,-0.001754654886493956,0.2280167430868703
2006-08-20,2.58994651240778,-0.20055924781916534,2.596500572121759,-0.0065540597139790435,0.25851835932097866
2006-08-27,2.5958945765780594,0.2296597301057579,2.5953176461571217,0.0005769304209377601,0.20313359666970612
2006-09-03,2.595661636680209,-0.008973395913380866,2.594163513514455,0.0014981231657542615,0.20337695845512788
2006-09-10,2.595039494602962,-0.023968535361296173,2.5941355550672527,0.0009039395357093305,0.17665307512846107
2006-09-17,2.5888607101377135,-0.2380998238407872,2.593864104499736,-0.005003394362022462,0.1911910146671435
2006-09-24,2.5911617000083007,0.08888040447974088,2.5926808853572965,-0.0015191853489957552,0.13778071408184156
2006-10-01,2.5861480309716094,-0.19349116794507015,2.5903024839301465,-0.004154452958537114,0.15164781614380657
2006-10-08,2.590094040711062,0.15258251624405972,2.589066120457171,0.0010279202538909793,0.19687080187960135
2006-10-15,2.59161582138389,0.05875387723026648,2.5897548982687155,0.0018609231151742733,0.15190392874112646
2006-10-22,2.5888519122016675,-0.10664810576539452,2.5891774513170573,-0.00032553911538979463,0.15660417725854545
2006-10-29,2.586935043876383,-0.07404318169957902,2.5893742045432506,-0.002439160666867668,0.12021490886727926
2006-11-05,2.5834334191211514,-0.13535804710367305,2.587709049145773,-0.004275630024621613,0.08579003853030856
2006-11-12,2.577073312942076,-0.24618812050665184,2.5840734220353196,-0.007000109093243445,0.07474147407666458
2006-11-19,2.581742725880551,0.18119053559806364,2.5822961254550405,-0.0005533995744895215,0.18112529484604076
2006-11-26,2.580119368941266,-0.06287833884499605,2.5805922067212608,-0.00047283777999496124,0.18109947213911784
2006-12-03,2.5701741345156117,-0.385456368622783,2.577277385569876,-0.007103251054264348,0.24501114796240703
2006-12-10,2.572098918664786,0.07488925062804075,2.5760337870005534,-0.003934868335767394,0.24612206928831407
2006-12-17,2.5718464198915685,-0.009816837579035287,2.573559710503308,-0.0017132906117396374,0.20125652882714123
2006-12-24,2.5699447601304146,-0.07394141992483894,2.571016058300595,-0.0010712981701805901,0.20072833250565256
2006-12-31,2.5729771247907753,0.11799337897857587,2.5717168058693862,0.0012603189213891142,0.08586328100774666
2007-01-07,2.571485379027752,-0.05797742034511222,2.5715634209601275,-7.804193237559431e-05,0.08699923073277042
2007-01-14,2.5723353499627697,0.03305369503361355,2.5716856534779278,0.0006496964848419218,0.08897982310050603
2007-01-21,2.567982681564246,-0.1692107678956667,2.571195133836386,-0.003212452272139732,0.12323322355174546
2007-01-28,2.557536711729944,-0.40677726953902704,2.567335030571178,-0.009798318841233833,0.18998265039999138
2007-02-04,2.5523020716235747,-0.204675072008198,2.5625392037201338,-0.010237132096559076,0.18014300218996498
2007-02-11,2.5487788654417076,-0.13804032920076148,2.556650082589868,-0.007871217148160525,0.12116524051744142
2007-02-18,2.5524747191011237,0.14500487702275855,2.5527730919740876,-0.0002983728729639701,0.22810071296886417
2007-02-25,2.555852408911767,0.13233000058205935,2.552352016269543,0.003500392642223904,0.18112243353152502
2007-03-04,2.5504030764274783,-0.21320998291167736,2.5518772674705192,-0.0014741910430409177,0.1841063097315037
2007-03-11,2.549762234385061,-0.025127088668475128,2.5521231097063577,-0.002360875321296696,0.16757814455141445
2007-03-18,2.5558635997421852,0.23929154157371624,2.552970329866623,0.0028932698755621544,0.19699437453622284
2007-03-25,2.554361451612903,-0.05877262501150504,2.552597590541907,0.0017638610709962421,0.1879439596929399
2007-04-01,2.551696053804392,-0.10434693206117229,2.552920834886135,-0.001224781081743398,0.15446997635716125
2007-04-08,2.5540076107197796,0.09058903829637366,2.553982178969815,2.5431749964610617e-05,0.1558386021159755
2007-04-15,2.5645602370514693,0.4131791263032314,2.5561563382971357,0.00840389875433356,0.23399109634126486
2007-04-22,2.57290060851927,0.32521643856529003,2.5607911275237276,0.01210948099554221,0.2340245285008687
2007-04-29,2.5776336996336995,0.18395934529136238,2.5672755389810544,0.010358160652645054,0.14377792624591607
2007-05-06,2.573942991335331,-0.14318203160104126,2.5722593841349424,0.001683607200388515,0.24429985915454244
2007-05-13,2.5738177315904847,-0.004866453735297149,2.5745737577696963,-0.0007560261792116663,0.20617817354925227
2007-05-20,2.5696614173228345,-0.16148440569961897,2.5737639599705875,-0.004102542647753005,0.15968808315151123
2007-05-27,2.5651183537624807,-0.17679619305982497,2.5706351235027824,-0.005516769740301797,0.07901453284172597
2007-06-03,2.5635891812865497,-0.059614109956684924,2.5680466709905874,-0.004457489704037698,0.08237615582936089
2007-06-10,2.5634580692345197,-0.005114394029548386,2.565456755401596,-0.0019986861670764355,0.08228005443370054
2007-06-17,2.558056896691864,-0.21069868891081533,2.5625556252438537,-0.004498728551989739,0.09678900216417431
2007-06-24,2.5521584085916524,-0.23058471091239596,2.5593156389511464,-0.0071572303594940045,0.11125231660251109
2007-07-01,2.5463556117042954,-0.2273682098972496,2.555007246555583,-0.008651634851287504,0.10923300685709766
2007-07-08,2.543608957654723,-0.10786608268489317,2.5500449686606337,-0.006436011005910736,0.05816559528995133
2007-07-15,2.540938436482085,-0.1049894546330088,2.545765353608189,-0.004826917126103947,0.07077544838542295
2007-07-22,2.534899136385856,-0.2376799063494861,2.5414505355567396,-0.006551399170883432,0.07293279384249039
2007-07-29,2.5284833632360137,-0.25309776857590505,2.5369824734396693,-0.008499110203655569,0.0804843077362569
2007-08-05,2.520741003671971,-0.30620567556884914,2.5312654849439813,-0.010524481272010444,0.08553008121477607
2007-08-12,2.521825571895425,0.04302576987775808,2.5264872687973163,-0.004661696901891332,0.15710966724157013
2007-08-19,2.5337919478439894,0.47451243582918856,2.52621047166185,0.007581476182139557,0.3579560406220033
2007-08-26,2.532268919231659,-0.060108668891556416,2.527156860660761,0.005112058570897915,0.32591976129308264
2007-09-02,2.526110419548179,-0.24320085582966167,2.528499214629813,-0.002388795081634143,0.3045759319901917
2007-09-09,2.5250526802218114,-0.0418722522254833,2.52930599171141,-0.004253311489598399,0.3084874069733473
2007-09-16,2.5223703831549877,-0.10622737053501696,2.5264506005391594,-0.004080217384171636,0.09102141415046962
2007-09-23,2.520072052401747,-0.09111789325587649,2.523401383831681,-0.0033293314299340793,0.08622605006846004
2007-09-30,2.518597260273973,-0.05852182386485438,2.52152309401313,-0.002925833739157113,0.029454119512856505
2007-10-07,2.522189928719246,0.14264561079060378,2.520807406137488,0.0013825225817578612,0.11569287382630752
2007-10-14,2.519177952576379,-0.11941908531830636,2.520009298492836,-0.0008313459164570602,0.11880079797745759
2007-10-21,2.5186080619448874,-0.02262208713397218,2.5196433008786214,-0.0010352389337340284,0.1121110238770458
2007-10-28,2.5250652396675397,0.25637882369302645,2.521260295727013,0.0038049439405267726,0.16767075777598428
2007-11-04,2.520471988157595,-0.18190625088757573,2.5208308105866,-0.0003588224290052011,0.19360723402477978
2007-11-11,2.519519926495923,-0.037773149876108025,2.5209163040664864,-0.001396377570563434,0.18322027924719836
2007-11-18,2.524795930098873,0.20940511513587445,2.522463271104983,0.0023326589938901243,0.2073285938896164
2007-11-25,2.534287798713235,0.37594597255192763,2.524768910866406,0.00951888784682886,0.24918107594820962
2007-12-02,2.53866632219543,0.17277135944930855,2.5293174943758654,0.009348827819564587,0.1700361260678533
2007-12-09,2.543079627714581,0.17384346578224186,2.53520741968053,0.007872208034050754,0.09681124943812403
2007-12-16,2.5498385948800366,0.26577882547587084,2.5414680858758207,0.008370509004215876,0.09633526329849183
2007-12-23,2.549740302960753,-0.0038548290656970075,2.5453312119377003,0.004409091023052536,0.11276060579580861
2007-12-30,2.5518218278206755,0.08163673992624965,2.5486200883440113,0.003201739476664134,0.11635086962416523
2008-01-06,2.5543044707977556,0.09728904071646394,2.551426299114805,0.002878171682950459,0.11283590895021663
2008-01-13,2.5517714908757028,-0.09916515243234558,2.551909523113722,-0.00013803223801911457,0.09043944443181977
2008-01-20,2.5504672639558925,-0.051110647033780765,2.552091263362507,-0.0016239994066142849,0.09724631114012784
2008-01-27,2.546527771402341,-0.15446160039871426,2.550767749257923,-0.0042399778555819445,0.1080291067414235
2008-02-03,2.542671756601607,-0.15142245233046303,2.547859570708886,-0.005187814107278754,0.0490330435384109
2008-02-10,2.541944635883299,-0.028596719825135786,2.5454028569607847,-0.0034582210774858346,0.06594702413671674
2008-02-17,2.538562779497764,-0.13304209453640636,2.5424267358462527,-0.003863956348488795,0.05961182365296647
2008-02-24,2.536071223764193,-0.09814828113345886,2.5398125989367157,-0.0037413751725225985,0.05418023134838495
2008-03-02,2.5340613370089593,-0.079251983792894,2.537659994038554,-0.0035986570295944986,0.04357009297993736
2008-03-09,2.5365253693734964,0.09723649260382494,2.536305177411103,0.00022019196239320138,0.10280225519787356
2008-03-16,2.5464008027522937,0.3893291783332975,2.5382646832247358,0.008136119527557995,0.2258689107658611
2008-03-23,2.543253009285796,-0.12361736075072738,2.5400601296051364,0.0031928796806597326,0.23271826457997918
2008-03-30,2.539135197066911,-0.16191122958865156,2.5413285946196242,-0.0021933975527130833,0.2532618314430262
2008-04-06,2.542399977072108,0.1285784234320575,2.542797246544277,-0.000397269472169004,0.2556730444545629
2008-04-13,2.5394485563703024,-0.11608797704618645,2.5410591849487796,-0.001610628578477158,0.13275022977936657
2008-04-20,2.5347884747313056,-0.183507621263157,2.5389430513101567,-0.004154576578851099,0.14397776690684574
2008-04-27,2.536834211732356,0.08070641875816964,2.5383678049765184,-0.0015335932441624678,0.15072977399932566
2008-05-04,2.5321128257887517,-0.1861133030203077,2.535796017155679,-0.0036831913669272964,0.12556060999102422
2008-05-11,2.534532597447396,0.09556334275471201,2.534567027424952,-3.4429977556094116e-05,0.15770533609003726
2008-05-18,2.5391089423513393,0.18055971773858204,2.535647144329961,0.0034617980213784705,0.15874491963674164
2008-05-25,2.538521803652968,-0.023123808851921446,2.536069042310114,0.002452761342853993,0.1589429706052767
2008-06-01,2.537652809243317,-0.03423230040414671,2.537454038173755,0.00019877106956167623,0.10243043222377458
2008-06-08,2.5338403723887373,-0.15023476973260452,2.5372809819090905,-0.0034406095203531883,0.13747264905376308
2008-06-15,2.5328126277538043,-0.04056074905633977,2.535706903259707,-0.0028942755059024883,0.059237976844916516
2008-06-22,2.5333543012580755,0.02138624461738292,2.5344150276609834,-0.0010607264029078856,0.07182712933722679
2008-06-29,2.5332626686316746,-0.0036170474203012226,2.533317492508073,-5.48238763982134e-05,0.07572227303459413
2008-07-06,2.533219746663651,-0.0016943354731902005,2.5331623360768014,5.7410586849382383e-05,0.025616465785065802
2008-07-13,2.54078597326082,0.29868023124066667,2.5351556724535556,0.0056303008072644545,0.1471003213918445
2008-07-20,2.5381038505096263,-0.10556271875791223,2.536343059766443,0.0017607907431833603,0.17469166775821185
2008-07-27,2.537152736770384,-0.037473397278486864,2.53731557680112,-0.00016284003073607778,0.17873197879506614
2008-08-03,2.5351100560576594,-0.0805107506190117,2.5377881541496223,-0.002678098091962955,0.18870466252487192
2008-08-10,2.5404066285714286,0.20892870118649487,2.5376933179772747,0.002713310594153917,0.14448472070249152
2008-08-17,2.541604903078677,0.047168610480374795,2.538568581119537,0.0030363219591400537,0.12779345961529906
2008-08-24,2.542325790311576,0.028363465620717676,2.539861844504835,0.0024639458067410303,0.11939241153556857
2008-08-31,2.5454619398752127,0.12335750105623156,2.5424498154592237,0.0030121244159890814,0.08229763505135171
2008-09-07,2.548212128068786,0.10804279374565517,2.544401190333563,0.003810937735223341,0.04607172765310263
2008-09-14,2.5480273583834716,-0.007250953846393848,2.5460068041597617,0.002020554223709947,0.06273409888739524
2008-09-21,2.5484627575277337,0.01708769502923868,2.547541045963801,0.0009217115639326146,0.06502834540313707
2008-09-28,2.5481770383829208,-0.01121143104677591,2.548219820590728,-4.278220780706832e-05,0.05567460828520034
2008-10-05,2.5484781179138323,0.011815487165001137,2.5482863180519897,0.0001917998618425898,0.013935745573543191
2008-10-12,2.549226855524079,0.029379793571071566,2.5485861923371416,0.0006406631869375623,0.016995400693433735
2008-10-19,2.551754524886878,0.09915435173299958,2.5494091341769276,0.0023453907099502125,0.0475776239222851
2008-10-26,2.553660548379787,0.07469462576905617,2.550780011676144,0.0028805367036430773,0.04021874497993728
2008-11-02,2.5551435357991177,0.05807300505431545,2.5524463661474655,0.0026971696516522314,0.02930792964843953
2008-11-09,2.554778004303998,-0.014305712771067736,2.553834153342445,0.0009438509615526947,0.048815262986982084
2008-11-16,2.553268668555241,-0.05907893939176567,2.554212689259536,-0.000944020704294779,0.06262361374033773
2008-11-23,2.552196298819255,-0.0419998783987241,2.553846626869403,-0.0016503280501480866,0.05167296346602307
2008-11-30,2.5527606146841206,0.02211098986102389,2.5532508965906535,-0.0004902819065328856,0.03546299389018959
2008-12-07,2.552574214763579,-0.007301895817002357,2.552699949205549,-0.00012573444197006012,0.03622111774219326
2008-12-14,2.554464378751841,0.07404932547425691,2.5529988767546987,0.0014655019971421268,0.04912764064108199
2008-12-21,2.5563759773371104,0.07483363640419238,2.5540437963841627,0.0023321809529477378,0.04052495939861079
2008-12-28,2.558267021035965,0.07397361403873592,2.555420397972124,0.0028466230638408696,0.04079556335703294
2009-01-04,2.5574602814344076,-0.03153461288143422,2.556641914639831,0.000818366794576697,0.05291149761385304
2009-01-11,2.556026148249204,-0.05607645974462505,2.5570323570141715,-0.0010062087649673757,0.06898049679350236
2009-01-18,2.5521793009532456,-0.15050109321430583,2.555983187918206,-0.003803886964960146,0.0922429938311951
2009-01-25,2.5495393794749406,-0.10343793154811154,2.5538012775279495,-0.004261898053008917,0.05267785313326656
2009-02-01,2.5529627611262486,0.13427451557987968,2.55267689745091,0.0002858636753386712,0.12490393318263251
2009-02-08,2.5549069846678027,0.07615557779214743,2.5523971065555595,0.0025098781122432356,0.13748459977638836
2009-02-15,2.5556109277177006,0.027552590138202326,2.553255013246673,0.0023559144710274538,0.10126252333940443
2009-02-22,2.553309559074855,-0.090051604408381,2.554197558146652,-0.0008879990717969299,0.09526603662348167
2009-03-01,2.5523402998636984,-0.037960896974342795,2.554041942831014,-0.0017016429673155642,0.07294167362041877
2009-03-08,2.5535854294130975,0.04878383769850725,2.553711554017338,-0.00012612460424055172,0.06330277786226898
2009-03-15,2.5517670937748043,-0.07120715905365449,2.552750595531614,-0.0009835017568096127,0.061489590680011655
2009-03-22,2.5517689690370875,7.348877129054188e-05,2.552365448022172,-0.0005964789850843033,0.05158168730536917
2009-03-29,2.548058008854581,-0.1454269656671614,2.5512948752698925,-0.0032368664153117344,0.08477827268230832
2009-04-05,2.548178449647647,0.0047267680974183435,2.54994313032853,-0.0017646806808828686,0.07076584083813468
2009-04-12,2.545083550913838,-0.12145533740923753,2.5482722446132886,-0.0031886936994505177,0.0790590482476598
2009-04-19,2.542236388384755,-0.11186911832662405,2.5458890994502053,-0.003652711065450287,0.06699212137772124
2009-04-26,2.538946132909957,-0.12942366374074643,2.543611130464049,-0.004664997554092221,0.06323001313256024
2009-05-03,2.5370382346267304,-0.07514528404113374,2.54082607670882,-0.0037878420820898207,0.02398429249157587
2009-05-10,2.5335241715842036,-0.138510448702156,2.5379362318764116,-0.0044120602922079755,0.028003599187882956
2009-05-17,2.5312778532608693,-0.088663781010212,2.5351965980954403,-0.003918744834570997,0.030785094251257094
2009-05-24,2.5290604857013164,-0.08759874214110397,2.5327251862932796,-0.0036647005919632214,0.028033921304001674
2009-05-31,2.530109989794761,0.041497785417887734,2.5309931250852875,-0.0008831352905263046,0.0769679249246623
2009-06-07,2.53036249149081,0.009979870324494655,2.530202705061939,0.00015978642887093386,0.06699167587701024
2009-06-14,2.5321897727272726,0.07221420814635948,2.53043068492854,0.0017590877987325726,0.06924453559620929
2009-06-21,2.5292005453925688,-0.11804910385860845,2.5304656998513533,-0.001265154458784501,0.08359463021252021
2009-06-28,2.5277199365295253,-0.05854058768651749,2.5298681865350443,-0.0021482500055189924,0.08256199298399998
2009-07-05,2.531605273394261,0.1537091514208555,2.530178882010907,0.0014263913833540975,0.12328224218851712
2009-07-12,2.5300694145623375,-0.060667389504376334,2.529648792469673,0.00042062209266457984,0.11961683628984467
2009-07-19,2.531381622234827,0.05186449292404749,2.5301940616802376,0.0011875605545892398,0.10256575825129907
2009-07-26,2.532362719546742,0.03875738463523515,2.531354757434542,0.0010079621122001114,0.08768506667508291
2009-08-02,2.531493186463775,-0.034336830038428356,2.5313267357019207,0.0001664507618541755,0.0549145072091306
2009-08-09,2.5332373937677053,0.06890033570925436,2.5321187305032624,0.0011186632644428762,0.04546240059776571
2009-08-16,2.5346876628526114,0.05724963197188959,2.5329452406577087,0.0017424221949027263,0.04634567243593338
2009-08-23,,,,,
2009-08-30,2.579,,,,
2009-09-06,2.4990930141287286,-3.098370913969428,,,
2009-09-13,2.4983127644569816,-0.031221313786078397,,,
2009-09-20,2.5223850242662356,0.9635406804034075,2.5246977007129865,-0.0023126764467509275,
2009-09-27,2.527976859504132,0.22168840934675416,2.5119419155890195,0.01603494391511262,1.7919539132363063
2009-10-04,2.527802892960463,-0.006881650954015939,2.519119385296953,0.008683507663509893,0.46533283232369776
2009-10-11,2.550089477211796,0.8816583094116259,2.5320635634856568,0.018025913726139375,0.48097789437877125
2009-10-18,2.5562456333595596,0.24140941730774745,2.5405287157589878,0.01571691760057181,0.3818009755529181
2009-10-25,2.5644154697785755,0.319602948652431,2.5496383683275985,0.014777101450976993,0.37524247830212737
2009-11-01,2.5704061849951465,0.2336093853422483,2.5602891913362695,0.010116993658876972,0.3108271548303906
2009-11-08,2.572263419345936,0.07225450831978009,2.565832676869804,0.0064307424761320675,0.10384282685957615
2009-11-15,2.5773677375256323,0.19843683742912788,2.571113202911323,0.0062545346143094704,0.10265307878961828
2009-11-22,2.5792714226576514,0.07386160322806479,2.5748271911310914,0.0044442315265600385,0.08378315774754008
2009-11-29,2.5804189598238856,0.044490748672409985,2.5773303848382763,0.003088574985609327,0.06878494481615059
2009-12-06,2.581810285399145,0.05391859217134254,2.5797171013515787,0.002093184047566421,0.07156184123569159
2009-12-13,2.5813321967213114,-0.01851757584735436,2.5807082161504984,0.0006239805708130319,0.039895922037896214
2009-12-20,2.579943473656341,-0.053798696143581015,2.5808762289001708,-0.0009327552438298525,0.05148990050046487
2009-12-27,2.583042597674115,0.12012371780307785,2.581532138362728,0.0015104593113868248,0.0774318534403647
2010-01-03,2.5888467535959134,0.22470229205762138,2.58329125541192,0.005555498183993368,0.1285724680849052
2010-01-10,2.598009973753281,0.3539498869386426,2.5874606996699123,0.010549274083368587,0.17233373868163843
2010-01-17,2.6070057113187954,0.34625492805628877,2.5942262590855263,0.01277945223326915,0.11116274717325578
2010-01-24,2.616769992185465,0.37454006426898,2.6026581077133635,0.014111884472101544,0.06783224332085848
2010-01-31,2.6217216998871753,0.18922976480537645,2.610876844286179,0.01084485560099635,0.08534866936188377
2010-02-07,2.6319894379971314,0.39164103918420956,2.6193717103471417,0.012617727649989696,0.0927000199271223
2010-02-14,2.646500363724539,0.5513291777663909,2.629245373448578,0.017254990275961113,0.14817595158790048
2010-02-21,2.643908760450745,-0.09792567230735294,2.6360300655148974,0.007878694935847808,0.28006729561460775
2010-02-28,2.6360418816752667,-0.297547286546207,2.6396101109619208,-0.003568229286654123,0.4002216381588937
2010-03-07,2.6315027374434656,-0.1721954519522395,2.6394884358235045,-0.00798569838003882,0.3793293284747785
2010-03-14,2.622215361091508,-0.3529305221616652,2.6334171851652464,-0.011201824073738376,0.11613132412487549
2010-03-21,2.615797823797824,-0.2447372320713126,2.626389451002016,-0.010591627204191933,0.07702951304747685
2010-03-28,2.6102995090016368,-0.21019647413744735,2.6199538578336083,-0.009654348831971582,0.07780499855309805
2010-04-04,2.6007914482115813,-0.3642517173706228,2.6122760355256376,-0.011484587314056327,0.07714529585439825
2010-04-11,2.5961281030444967,-0.179304848541062,2.6057542210138847,-0.009626117969387948,0.08095823396404944
2010-04-18,2.5928478311567162,-0.12635246634916664,2.6000167228536077,-0.0071688916968914995,0.10219364006949672
2010-04-25,2.598104568290688,0.20273990130870168,2.5969679876758707,0.0011365806148173618,0.2361752219746417
2010-05-02,2.594543513765749,-0.13706355657894242,2.5954060040644125,-0.0008624902986635874,0.17664214679948403
2010-05-09,2.5949590554844715,0.01601598572227303,2.595113742174406,-0.0001546866899344579,0.1587584241768151
2010-05-16,2.595282227130071,0.012453824460778584,2.595722341167745,-0.00044011403767418855,0.1391469499556376
2010-05-23,2.590654074160177,-0.17832946727385224,2.593859717635117,-0.003205643474939901,0.10069457838261449
2010-05-30,2.5870422911583595,-0.1394158733055928,2.59198441198327,-0.004942120824910301,0.10120887814904415
2010-06-06,2.5859454968041837,-0.04239568707183894,2.589731022313198,-0.0037855255090142315,0.08750062635608422
2010-06-13,2.581298606271777,-0.17969793014390723,2.5862351170986244,-0.004936510826847318,0.06447325005945034
2010-06-20,2.579185916802231,-0.08184599272680337,2.583368077759138,-0.004182160956907044,0.06078177222311076
2010-06-27,2.579002905963036,-0.007095682323732255,2.5813582314603067,-0.0023553254972705773,0.07450305889599479
2010-07-04,2.5410085454462745,-1.4732189881955127,2.5701239936208298,-0.029115448174555247,0.6954367473440177
2010-07-11,2.577813291506913,1.4484306291136395,2.5692526649296137,0.008560626577299502,1.1932924983145692
2010-07-18,2.5768917789131445,-0.03574784088532512,2.568679130457342,0.008212648455802274,1.1928272036768208
2010-07-25,2.5817955865272935,0.19029932317209397,2.5693773005984064,0.012418285928887052,1.1974427749759193
2010-08-01,2.583887652173913,0.08103142082729331,2.580097077280316,0.0037905748935971317,0.691142465984652
2010-08-08,2.583738260467268,-0.00578166417255499,2.5815783195204047,0.002159940946863337,0.10147102537974514
2010-08-15,2.5840748755931027,0.01302822081419297,2.583374093690394,0.0007007819027085027,0.08865994516714669
2010-08-22,2.5852836544007385,0.0467780101518267,2.5842461106587553,0.0010375437419831712,0.038285792078294405
2010-08-29,2.587151840313834,0.07226231867885069,2.585062157693736,0.00208968262009801,0.034766328308777926
2010-09-05,2.586779571132119,-0.014389150876814583,2.5858224853599485,0.0009570857721703518,0.037967955399013265
2010-09-12,2.5957548231511254,0.34696624788475017,2.588742472249454,0.007012350901671294,0.16022179932675817
2010-09-19,2.5879849008759797,-0.29933190168219825,2.5894177838682646,-0.001432882992284945,0.26622740656679544
2010-09-26,2.587559026977173,-0.016455810799453907,2.589519580534099,-0.001960553556926037,0.26482228950104963
2010-10-03,2.5854511295527893,-0.08146277640074251,2.589187470139267,-0.003736340586477649,0.26848961243762015
2010-10-10,2.5896133195068556,0.1609850562051207,2.5876520942281993,0.0019612252786562756,0.19014679825903533
2010-10-17,2.6078794653145887,0.7053619036533121,2.592625735337852,0.015253729976736796,0.3571825117584512
2010-10-24,2.6123434727503168,0.17117384047462547,2.5988218467811377,0.013521625969179052,0.332102662223194
2010-10-31,2.6176849078341013,0.20446909602438446,2.6068802913514655,0.010804616482635865,0.2638970586391334
2010-11-07,2.6186226806499944,0.03582451092896122,2.61413263163725,0.0044900490127441905,0.2933143681793903
2010-11-14,2.6197011295527894,0.04118382196733883,2.6170880476968,0.0026130818559892965,0.0873008299802118
2010-11-21,2.6237386992619927,0.15412329535058333,2.6199368543247195,0.003801844937273202,0.08387313123099523
2010-11-28,2.6260186485553123,0.08689696477628406,2.622020289505022,0.003998359050290112,0.054769300820552314
2010-12-05,2.6260881878885565,0.002648089848200641,2.6238866663146627,0.00220152157389375,0.06512296641395306
2010-12-12,2.6283297247495105,0.08535649607244178,2.626043815113843,0.002285909635667327,0.062003976027121654
2010-12-19,2.631286997581481,0.11251529076141686,2.6279308896937152,0.003356107887765969,0.04778914366113198
2010-12-26,2.6325098287159445,0.046472738837954886,2.629553684733873,0.0029561439820713353,0.04782193318789044
2011-01-02,2.6363293075684378,0.14508887339486076,2.6321139646538434,0.0042153429145943555,0.04179842755345968
2011-01-09,2.640197150735294,0.1467132029277396,2.6350808211502894,0.005116329585004742,0.046875797974530425
2011-01-16,2.6419514942528735,0.06644744378618839,2.6377469453181375,0.0042045489347359855,0.05228287359925305
2011-01-23,2.6465107047795393,0.1725698044261481,2.641247164334036,0.005263540445503256,0.045930586964722325
2011-01-30,2.6461299918972103,-0.014385465422128707,2.6436973354162294,0.0024326564809808993,0.08456364685777433
2011-02-06,2.648483445241954,0.08893944560359746,2.645768909042894,0.002714536199059925,0.07687877463033153
2011-02-13,2.6509432936002777,0.09287761880267809,2.6480168588797453,0.002926434720532445,0.07664532491413137
2011-02-20,2.651629830430269,0.025897831600119048,2.6492966402924276,0.002333190137841168,0.0518653679353922
2011-02-27,2.6572983908045975,0.21377645964288927,2.6520887400192747,0.005209650785322761,0.07851498522787179
2011-03-06,2.6635926734037665,0.23686773833717645,2.6558660470597277,0.007726626344038756,0.10007324971796838
2011-03-13,2.6712119889756547,0.28605408206621163,2.660933220903572,0.010278768072082833,0.11389487599858177
2011-03-20,2.68712446991404,0.5957026624639816,2.669806880774515,0.01731758913952497,0.17764405628041657
2011-03-27,2.706827720504009,0.7332466661136516,2.6821892131993677,0.024638507304641344,0.24020054861032344
2011-04-03,2.735189777675911,1.0477969084275784,2.7000884892674035,0.03510128840850735,0.31601226231423185
2011-04-10,2.7982449283667625,2.30533000691564,2.7318467241151807,0.06639820425158183,0.7798456362335475
2011-04-17,2.8251148950808394,0.9602435598716541,2.76634433040688,0.058770564673959136,0.7082977309366701
2011-04-24,2.8495548031676803,0.8650943057004978,2.8020261010727987,0.04752870209488158,0.6779273024770063
2011-05-01,2.8951262469900243,1.5992478464244675,2.8420102184013265,0.053116028588697795,0.6669863643408629
2011-05-08,2.919920234132905,0.8564043508865415,2.872429044842862,0.0474911892900427,0.35578971266513426
2011-05-15,2.9032314220183486,-0.5715502745407108,2.8919581765772397,0.011273245441108859,0.9085813089526205
2011-05-22,2.8686684676399583,-1.1904994591978468,2.8967365926953086,-0.02806812505535028,1.279936153462375
2011-05-29,2.8210997935306263,-1.6582144171043423,2.8782299793304595,-0.0571301857998332,1.09296506127902
2011-06-05,2.800879159972458,-0.7167642068011348,2.8484697107903476,-0.04759055081788954,0.492826457600833
2011-06-12,2.7806344431687715,-0.7227986516878393,2.8178204660779533,-0.037186022909181826,0.4493786435877463
2011-06-19,2.7723699149620775,-0.2972173572472814,2.7937458279084835,-0.02137591294640595,0.5752404976241543
2011-06-26,2.7670758620689657,-0.1909576663828516,2.780239845043068,-0.01316398297410215,0.27805783049166594
2011-07-03,2.7700236645605973,0.10653132182025793,2.7725259711901034,-0.0025023066295060126,0.3433373332259301
2011-07-10,2.7674319540229884,-0.09356275799253799,2.769225348903657,-0.0017933948806687638,0.17170770236256994
2011-07-17,2.766860181671841,-0.020660755554124943,2.767847915581098,-0.0009877339092572157,0.12533843232183622
2011-07-24,2.766297393500976,-0.020340318408318403,2.7676532984391007,-0.0013559049381246524,0.08316059198692502
2011-07-31,2.7680359811472584,0.06284890591903292,2.7671563775857657,0.0008796035614926367,0.06392394537605736
2011-08-07,2.7645257471264366,-0.12681316445051216,2.766429825861628,-0.0019040787351913835,0.07771256605766613
2011-08-14,2.764827201655553,0.010904384935828126,2.765921580857556,-0.0010943792020028376,0.08003603515583425
2011-08-21,2.765095928226363,0.009719470737601377,2.765621214538903,-0.0005252863125400076,0.08118977715912577
2011-08-28,2.767056948918546,0.07092053017636601,2.7653764564817247,0.0016804924368214458,0.08369329386655544
2011-09-04,2.773318228867165,0.2262794031422377,2.767574576916907,0.005743651950258055,0.10196808879389498
2011-09-11,2.774996661294036,0.06052072962274835,2.7701169418265277,0.0048797194675085365,0.09351693920157167
2011-09-18,2.775323400828348,0.011774411799092555,2.772673809977024,0.002649590851324213,0.09291901995793073
2011-09-25,2.773238862668355,-0.07510973890000328,2.774219288414476,-0.0009804257461207833,0.12670320544313757
2011-10-02,2.7689622467771637,-0.15421015292842455,2.7731302928919757,-0.0041680461148119186,0.09497270936266651
2011-10-09,2.7798996201220216,0.39499900576789315,2.774356032598972,0.00554358752304962,0.24338765856510491
2011-10-16,2.777612261329653,-0.08228206428073648,2.774928247724298,0.0026840136053549735,0.2519775319552738
2011-10-23,2.7772833467602713,-0.011841630092179756,2.7759393687472778,0.0013439780129935741,0.2458576017076869
2011-10-30,2.776238128090146,-0.03763457089622779,2.777758339075523,-0.001520210985377357,0.22137992676627527
2011-11-06,2.7762973314929837,0.002132504493723708,2.7768577669182637,-0.0005604354252799482,0.03710687871247379
2011-11-13,2.7770343915343916,0.026548310695928556,2.776713299469448,0.00032109206494368436,0.026819355500439544
2011-11-20,2.776194508272059,-0.030243891285353097,2.776441089847395,-0.00024658157533608005,0.02975623397105732
2011-11-27,2.77926251006557,0.11051105332746669,2.777197185341251,0.002065324724318973,0.06019227748952106
2011-12-04,2.779970192197031,0.025462946695320454,2.7781154005172626,0.0018547916797682085,0.058040690499268646
2011-12-11,2.7793326816927326,-0.022932278413900775,2.778689973056848,0.0006427086358846701,0.06477593879087304
2011-12-18,2.7817754890678943,0.08789186667907956,2.780085218255807,0.001690270812087391,0.06060348575775521
2011-12-25,2.779780588776449,-0.07171320256739167,2.7802147379335267,-0.00043414915707762347,0.06820191815195377
2012-01-01,2.7824466175793834,0.09590788617268586,2.780833844279115,0.001612773300268433,0.08287511614065653
2012-01-08,2.7806579493087558,-0.06428401031405295,2.7811651611831207,-0.0005072118743649767,0.09242519417718591
2012-01-15,2.7802375417194156,-0.015118996906637872,2.780780674346001,-0.0005431326265852299,0.07733074928082045
2012-01-22,2.7767137268438615,-0.1267451008295839,2.7800139588628543,-0.003300232018992766,0.09413719533041402
2012-01-29,2.7729711129013697,-0.13478573272822647,2.7776450826933505,-0.00467396979198087,0.056372456140422376
2012-02-05,2.770018418326235,-0.10648125980819989,2.7749851999477206,-0.004966781621485783,0.05507872851901396
2012-02-12,2.7698905025357305,-0.004617867868961234,2.7723984401517994,-0.0025079376160688227,0.06021579450301752
2012-02-19,2.765817040875072,-0.14706219097576634,2.7696742686596014,-0.00385722778452946,0.0646844104309237
2012-02-26,2.7678821156948605,0.07466418744515035,2.768402019357975,-0.0005199036631142739,0.10023940177572052
2012-03-04,2.7662472362966377,-0.05906607759602611,2.7674592238505755,-0.00121198755393781,0.09324265997396598
2012-03-11,2.7700906577583226,0.13893991148927753,2.767509262656223,0.0025813951020996484,0.12907511691357965
2012-03-18,2.7722832815556324,0.07915350319560588,2.7691258228263633,0.0031574587292690914,0.08362652354855746
2012-03-25,2.7711730879815986,-0.04004618075721389,2.769948565898048,0.0012245220835507276,0.09508407735280155
2012-04-01,2.772089894106814,0.03308368319510091,2.7714092303505917,0.0006806637562224438,0.07555072626719715
2012-04-08,2.7707945647167205,-0.04672753913382843,2.771585207090191,-0.0007906423734707069,0.06051134779826764
2012-04-15,2.771051196502531,0.009262028628120866,2.771277185826916,-0.00022598932438500086,0.03861784043498712
2012-04-22,2.770918959364568,-0.0047720929201910955,2.7712136536726586,-0.00029469430809081487,0.03349429050105155
2012-04-29,2.769365238424326,-0.05607240641198885,2.7705324897520365,-0.0011672513277103391,0.03172759687769476
2012-05-06,2.767960373228891,-0.050728779864173124,2.7698239418800794,-0.0018635686511885297,0.03270669612519367
2012-05-13,2.7648493324125227,-0.11239470212280889,2.768273475857577,-0.003424143445054373,0.04409252256867702
2012-05-20,2.767025002880516,0.07869038079173496,2.767299986736564,-0.00027498385604785014,0.08084309812793862
2012-05-27,2.7626648231363062,-0.1575764490624687,2.765624882914559,-0.002960059778252866,0.1026098369164841
2012-06-03,2.7646128400184415,0.07051224114562604,2.764787999611946,-0.00017515959350467014,0.12244835527786507
2012-06-10,2.7631837744533945,-0.05169134514464435,2.7643716101221645,-0.0011878356687700098,0.11219704157207545
2012-06-17,2.7645506729552514,0.04946824436704578,2.763753027640848,0.0007976453144031836,0.10476697943636985
2012-06-24,2.761414594843462,-0.11343898096962679,2.7634404705676374,-0.002025875724175563,0.08650598031704597
2012-07-01,2.7602030836497526,-0.04387284676381498,2.7623380314754655,-0.002134947825712885,0.06720486861444262
2012-07-08,2.7593764109652152,-0.029949705129828086,2.76138619060342,-0.0020097796382048116,0.0668096139191039
2012-07-15,2.7611643441206954,0.06479482640988632,2.7605396083947813,0.0006247357259141495,0.07334634711661926
2012-07-22,2.7620413689790273,0.031762863380424555,2.7606963019286725,0.0013450670503547535,0.051315491216397925
2012-07-29,2.7597170332834273,-0.08415281978412237,2.760574789337091,-0.0008577560536635609,0.06610339281437484
2012-08-05,2.757567530224525,-0.07788853106961424,2.760122569151919,-0.002555038927393838,0.07590244155678781
2012-08-12,2.7589146510020734,0.048851778343883545,2.7595601458722636,-0.0006454948701901664,0.07044174625739262
2012-08-19,2.7590979601244667,0.00664424766916305,2.758824293658623,0.0002736664658438137,0.06516897539703594
2012-08-26,2.758031559548491,-0.038650333963774486,2.758402925224889,-0.00037136567639795004,0.05495318253819013
2012-09-02,2.757081258644537,-0.03445576613017032,2.758281357329892,-0.0012000986853553108,0.04096405632703638
2012-09-09,2.756891194098663,-0.00689368676668467,2.757775493104039,-0.0008842990053761213,0.02181328568355425
2012-09-16,2.7559297154050006,-0.03487546754548099,2.756983431924173,-0.0010537165191721876,0.014671835492583777
2012-09-23,2.7588999423631124,0.10777586022998609,2.757200527627828,0.0016994147352842326,0.06786700615004974
2012-09-30,2.7577629032258066,-0.04121349672188135,2.7573709387731458,0.00039196445266087565,0.06934054539866458
2012-10-07,2.756808854046576,-0.03459503999109215,2.757350353760124,-0.0005414997135479993,0.07239979066138408
2012-10-14,2.7623045732058515,0.19935075118495682,2.7589440682103366,0.00336050499551499,0.11672576726297905
2012-10-21,2.764614568925772,0.08362567047557334,2.7603727248510017,0.004241844074770462,0.11387084895634264
2012-10-28,2.7639987321346244,-0.022275683492001264,2.761931682078206,0.0020670500564183847,0.10900466494672048
2012-11-04,2.766726287887519,0.09868151244729617,2.764411040538442,0.0023152473490770653,0.09069972660744091
2012-11-11,2.7711061600460565,0.15830522078430498,2.7666114372484927,0.004494722797563799,0.0751741883996542
2012-11-18,2.771060930661138,-0.0016321779934269642,2.768223027682334,0.002837902978803708,0.08508038119502896
2012-11-25,2.7714881309057384,0.015416486872354973,2.770095377375113,0.0013927535306255123,0.07463171039072629
2012-12-02,2.7729557603686636,0.05295456424869727,2.771652745495399,0.001303014873264452,0.07174921561398037
2012-12-09,2.7742854507724233,0.04795209583807747,2.772447568176991,0.001837882595432383,0.02617515903771132
2012-12-16,2.776995042656214,0.09766809983580149,2.77393109617576,0.0030639464804540495,0.0338243094871275
2012-12-23,2.7809675557095024,0.1430507794313085,2.7763009523767006,0.0046666033328017775,0.044456609207804886
2012-12-30,2.7822841826147107,0.04734420229048908,2.7786330579382126,0.0036511246764980854,0.04588721807201492
2013-01-06,2.780805989801215,-0.05312875020934138,2.7802631926954104,0.0005427971058047376,0.08419854670016015
2013-01-13,2.7871356030005767,0.22761793604357816,2.782798332781501,0.004337270219075595,0.12117820755772286
2013-01-20,2.7854287361623618,-0.06124089679659939,2.7839136278947163,0.0015151082676454486,0.1343838070239814
2013-01-27,2.7877846597462517,0.08458028573137266,2.785288747177601,0.00249591256865056,0.1363241539292934
2013-02-03,2.7980456536776575,0.36806981828860774,2.789598663146712,0.008446990530945442,0.18474391022285097
2013-02-10,2.9087263497923397,3.9556429670547733,2.8199963498446525,0.08872999994768715,1.9208743924443752
2013-02-17,2.9157106113033446,0.2401140798790946,2.8525668186298985,0.06314379267344616,1.8659647200823284
2013-02-24,2.9143665320253898,-0.04609782852743605,2.884212286699683,0.030154245325706874,1.8920797677729002
2013-03-03,2.913543008890428,-0.028257363166650507,2.9130866255028756,0.00045638338755260577,1.9545844596265358
2013-03-10,2.914349682631275,0.02768703734201683,2.9144924587126093,-0.00014277608133417274,0.13164282514349918
2013-03-17,2.916072360069244,0.05911018325066575,2.9145828959040845,0.001489464165159493,0.048803596684404926
2013-03-24,2.9130820353063345,-0.10254631551182003,2.9142617717243207,-0.001179736417986188,0.07092406528715843
2013-03-31,2.9078037156704366,-0.18119364892320577,2.9128269484193225,-0.005023232748885942,0.11241420424457287
2013-04-07,2.908353654312435,0.018912509088364615,2.9113279413396125,-0.0029742870271776134,0.1104817978815879
2013-04-14,2.906151900196373,-0.0757044836276144,2.9088478263713946,-0.002695926175021679,0.08255349116603139
2013-04-21,2.9060520484708596,-0.0034358742743823,2.907090329662526,-0.0010382811916662682,0.0901123568868335
2013-04-28,2.905532025389498,-0.017894486151248667,2.9065224070922913,-0.0009903817027931971,0.04039428549887842
2013-05-05,2.903324290002309,-0.0759838600262297,2.90526506601476,-0.0019407760124510176,0.03809140630167953
2013-05-12,2.8997425799745926,-0.123365827236388,2.903662735959315,-0.0039201559847223955,0.05522611495457198
2013-05-19,2.897589879852126,-0.07423762844789294,2.9015471938046313,-0.003957313952505537,0.043142022137131655
2013-05-26,2.891321188989128,-0.21634155014780276,2.897994484704539,-0.006673295715410976,0.06658326294152417
2013-06-02,2.8887667399097956,-0.08834885204246357,2.8943550971814105,-0.0055883572716148855,0.06393944757929236
2013-06-09,2.886821692876966,-0.06733139806540667,2.891124875407004,-0.004303182530037919,0.07039663626877557
2013-06-16,2.8857842525147417,-0.035937112596318155,2.8881734685726577,-0.002389216057915977,0.07921818091181584
2013-06-23,2.8813334874580976,-0.1542306931907933,2.8856765431899003,-0.004343055731802714,0.05004964257264964
2013-06-30,2.8801094527363182,-0.04248153596615456,2.883512221396531,-0.0034027686602127183,0.05452727079733458
2013-07-07,2.877537073452863,-0.08931533074242326,2.881191066540505,-0.0036539930876418047,0.05460518718867042
2013-07-14,2.8761638529139684,-0.047722079814838114,2.878785966640312,-0.002622113726343578,0.05163721953944827
2013-07-21,2.875563518668362,-0.020872741481614554,2.8773434744428776,-0.001779955774515507,0.02861101353853093
2013-07-28,2.8743806824754192,-0.04113406590616764,2.8759112818776535,-0.0015305994022343228,0.028738230913269113
2013-08-04,2.8715720564422855,-0.09771238897677836,2.8744200276250087,-0.0028479711827231746,0.03263341748677277
2013-08-11,2.86830150462963,-0.11389412309255054,2.8724544405539243,-0.004152935924294443,0.04446422833175334
2013-08-18,2.870974095061871,0.09317676080871085,2.871307084652302,-0.0003329895904307101,0.09403607362804312
2013-08-25,2.87561753817677,0.16173754834241105,2.871616298577639,0.004001239599130901,0.13770939717531566
2013-09-01,2.8719110982658957,-0.12889196361015598,2.871701059033542,0.00021003923235385358,0.14650276381008304
2013-09-08,2.8691874638602983,-0.0948370026928047,2.8719225488412086,-0.0027350849809102407,0.1416627535845998
2013-09-15,2.869712285978714,0.018291663581626594,2.8716070965704192,-0.001894810591705376,0.13117850145283919
2013-09-22,2.872217567411179,0.08730078777254846,2.8707571038790216,0.0014604635321573411,0.1001235051062183
2013-09-29,2.871472340916965,-0.025946032176293876,2.8706474145417893,0.0008249263751758384,0.0765192300685618
2013-10-06,2.872696798058028,0.04264213600859712,2.871524748091222,0.001172049966806199,0.047289668247793244
2013-10-13,2.869898310967145,-0.09741672329550699,2.8715712543383294,-0.0016729433711843988,0.08081288927447
2013-10-20,2.868001504281416,-0.06609316708122703,2.870517238555889,-0.002515734274472603,0.060446397967259854
2013-10-27,2.8695740397963907,0.05483035879259024,2.870042663275745,-0.0004686234793545019,0.07657852248413193
2013-11-03,2.872533726715261,0.10314028764633054,2.870001895440053,0.002531831275208063,0.09573390393463867
2013-11-10,2.8722764801110086,-0.008955390213871706,2.870596437726019,0.001680042384989644,0.07387777002771963
2013-11-17,2.87346517815826,0.041385223723500175,2.87196235619523,0.0015028219630299766,0.04609460288890515
2013-11-24,2.873728209283482,0.009153795466931847,2.873000898567003,0.0007273107164791348,0.04925577344527216
2013-12-01,2.8801128080527594,0.2221712808000431,2.8748956689013774,0.005217139151382,0.10621541418659704
2013-12-08,2.9612589285714286,2.8174632705977976,2.8971412810164825,0.06411764755494609,1.3664995077207913
2013-12-15,2.972459284142245,0.37822952470487614,2.9218898075124784,0.05056947662976663,1.315863195966239
2013-12-22,2.977326927529521,0.16375811817657127,2.9477894870739885,0.029537440455532415,1.2845659796430182
2013-12-29,2.978693563324844,0.04590143536762348,2.9724346758920097,0.006258887432834204,1.3179497161139384
2014-01-05,2.98111661347175,0.08134606985894521,2.97739909711709,0.003717516354659889,0.14902963755767962
2014-01-12,2.9838639101227704,0.09215663146504571,2.9802502536122217,0.0036136565105486795,0.04943130739756969
2014-01-19,2.983301215981471,-0.01885790231218598,2.981743825725209,0.0015573902562620034,0.050059604546177486
2014-01-26,2.985913723219456,0.08757101777017162,2.983548865698862,0.0023648575205941214,0.05312628339644069
2014-02-02,2.9853707006369428,-0.01818614443848121,2.9846123874901602,0.000758313146782541,0.0626051957400379
2014-02-09,2.984380488935234,-0.03316880216911455,2.9847415321932758,-0.000361043258041871,0.05591625408688586
2014-02-16,2.983204006020609,-0.03942134452985524,2.9847172297030604,-0.0015132236824513257,0.059584848186914764
2014-02-23,2.985671301123856,0.08270621446833104,2.9846566241791606,0.0010146769446954806,0.05718095273990362
2014-03-02,2.9888558527266413,0.10666115863413594,2.9855279122015848,0.003327940525056583,0.07629308042696555
2014-03-09,2.9978121668597915,0.29965694481317584,2.9888858316827243,0.008926335177067202,0.14027299482654937
2014-03-16,3.0052817653890824,0.24916833055339538,2.994405271524843,0.01087649386423939,0.10624494597384258
2014-03-23,3.009505343866171,0.14053851874158418,3.0003637822104214,0.00914156165574953,0.09054076096744623
2014-03-30,3.01281560613098,0.10999356660241766,3.0063537205615063,0.00646188556947358,0.08941616919212725
2014-04-06,3.0147082752208276,0.06282060827076386,3.0105777476517654,0.004130527569062181,0.07910640526209281
2014-04-13,3.013811939951123,-0.02973207315187798,3.012710291292275,0.0011016486588482088,0.07431895418504093
2014-04-20,3.0129522537174718,-0.02852487981268581,3.0135720187551005,-0.0006197650376287278,0.06943063489749415
2014-04-27,3.013989088798607,0.034412595813826385,3.0138653894220075,0.0001236993765996175,0.046362820875297917
2014-05-04,3.0135019157088125,-0.01616373103688895,3.0135637995440034,-6.188383519090124e-05,0.03023792383638238
2014-05-11,3.070183148991542,1.8809091504890407,3.0276566018041082,0.04252654718743365,0.9425605749321818
2014-07-06,2.9959192119731215,-2.4188764452965583,3.0233983413680208,-0.02747912939489927,1.7628292762230486
2014-07-13,2.9905856661633177,-0.17802702384257518,3.017547485709198,-0.026961819545880505,1.7594244821335594
2014-07-20,2.9875615706319705,-0.10112051179683723,3.011062399439988,-0.023500828808017626,1.7572499639677652
2014-07-27,2.9892065078442767,0.05505952508146894,2.9908182391531715,-0.0016117313088948038,1.1760950229905511
2014-08-03,2.9872522919809676,-0.06537573962122067,2.988651509155133,-0.001399217174165468,0.09708621956894563
2014-08-10,2.9885025539818897,0.04185324434358151,2.9881307311097762,0.00037182287211345866,0.07761470084072554
2014-08-17,2.988114478114478,-0.012985629438211355,2.988268957980403,-0.00015447986592498353,0.05519607671240377
2014-08-24,2.9877421602787457,-0.012459958895794099,2.9879028710890205,-0.00016071081027480005,0.04378009531565966
2014-08-31,2.9919975615420342,0.14242866469078574,2.989089188479287,0.0029083730627470494,0.07315338119746684
2014-09-07,2.9940073145245556,0.06717094319708128,2.9904653786149535,0.0035419359096020564,0.0744839167286328
2014-09-14,2.9935262239795324,-0.016068449221529058,2.9918183150812174,0.0017079088983149582,0.07530960745497435
2014-09-21,2.9951095476218166,0.052891590846981806,2.993660161916985,0.0014493857048316627,0.06499367330457799
2014-09-28,2.9939303812180382,-0.03936972538165495,2.994143366835986,-0.00021298561794758086,0.05187661441996543
2014-10-05,2.990331744740207,-0.12019773406911627,2.9932244743898986,-0.00289272964969145,0.07138310749069177
2014-10-12,2.99046629474663,0.004499500988797145,2.9924594920816725,-0.0019931973350426624,0.07349656209351675
2014-10-19,2.9913722958827633,0.03029631658866272,2.9915251791469095,-0.00015288326414619746,0.06593833534958368
2014-10-26,2.991370926443203,-4.5779643087495714e-05,2.990885315453201,0.0004856109900019945,0.0672316455384612
2014-11-02,2.9916305132084258,0.008677852784089168,2.9912100075702552,0.0004205056381705319,0.013440289054933377
2014-11-09,2.99477006406523,0.10494447235187554,2.9922859498999057,0.002484114165324236,0.047720247938326715
2014-11-16,3.0345967610392637,1.3298749527358211,3.003092066189031,0.031504694850232884,0.6477571516346137
2014-11-23,3.0558674361664915,0.7009390967629869,3.0192161936198527,0.03665124254663876,0.6113699953048036
2014-11-30,3.0581034885077587,0.073172426094259,3.035834437444686,0.02226905106307253,0.5934100803282416
2014-12-07,3.0605867739678096,0.08120344747595265,3.052288614920331,0.00829815904747866,0.5994629432908858
2014-12-14,3.061997200839748,0.046083544630559636,3.0591387248704516,0.002858475969296226,0.31741544469060784
2014-12-21,3.060759127493293,-0.04043352313044535,3.0603616477021522,0.00039747979114057586,0.05569169575346456
2014-12-28,3.0615134095149252,0.024643625656683987,3.061214127953944,0.00029928156098124603,0.051159784069308885
2015-01-04,3.1169370399788434,1.8103344016611622,3.0753016944567024,0.04163534552214099,0.9008696934033591
2015-01-11,3.057182751779671,-1.9170835802181596,3.074098082191683,-0.016915330412011986,1.5221704154670703
2015-01-18,3.0593075936078384,0.06950326495629433,3.0737351987203194,-0.014427605112480979,1.5229268320233125
2015-01-25,3.0611202893478007,0.05925183017718716,3.073636918678538,-0.012516629330737494,1.523235647944619
2015-02-01,3.0656572594752185,0.14821273581457906,3.060816973552632,0.0048402859225866735,1.005488775682038
2015-02-08,3.2658314449246584,6.529568327664448,3.112979146838879,0.15285229808577938,3.2188681977930473
2015-02-15,3.329586569957885,1.952186636340536,3.180548890926391,0.149037679031494,3.0329380141519002
2015-02-22,3.3375948952113337,0.24052010918431677,3.249667542392274,0.08792735281905983,2.9919182060067158
2015-03-01,3.3462795112112946,0.26020581504428986,3.319823105326293,0.026456405885001644,2.96651374911021
2015-03-08,3.3473382666350933,0.03163977845399568,3.3401998107539015,0.007138455881191774,0.8933720103174172
2015-03-15,3.349685570036398,0.07012447545866607,3.34522456077353,0.0044610092628682985,0.11651452420862869
2015-03-22,3.3477424509458347,-0.05800899964895079,3.3477614497071553,-1.8998761320609958e-05,0.13403052506597665
2015-03-29,3.348157429245283,0.012395765371109313,3.348230929215652,-7.349997036909528e-05,0.05369352048700388
2015-04-05,3.346418376975702,-0.05194057646127348,3.3480009568008047,-0.0015825798251025702,0.0604038422409316
2015-04-12,3.340274389524596,-0.18359890363316422,3.345648161672854,-0.005373772148257849,0.08198245287479844
2015-04-19,3.338109917355372,-0.06479923254245623,3.343240028275238,-0.005130110919866038,0.08171330209054803
2015-04-26,3.3353496404573852,-0.08268981448560364,3.3400380810782635,-0.004688440620878254,0.05990329347865768
2015-05-03,3.328959438745431,-0.19159015997729512,3.3356733465206965,-0.006713907775265593,0.06621628938061275
2015-05-10,3.3248282339043116,-0.12409898399591279,3.331811807615625,-0.006983573711313529,0.056303889835695335
2015-05-17,3.3315301347199244,0.20157133975438057,3.330166861956763,0.001363272763161394,0.17310175038971493
2015-05-24,3.332132830010617,0.018090645028601138,3.329362659345071,0.002770170665546079,0.17393516019034963
2015-05-31,3.3319298618490967,-0.006091238611272143,3.330105265120988,0.0018245967281087516,0.13465342972219133
2015-06-07,3.3303126034523527,-0.04853818849135383,3.3314763575079978,-0.001163754055645061,0.1103666602800748
2015-06-14,3.3299080908445706,-0.012146385518363445,3.3310708465391596,-0.0011627556945890127,0.027539690525205975
2015-06-21,3.334237943262411,0.13002918698403754,3.3315971248521077,0.0026408184103035026,0.07841754849659621
2015-06-28,3.331814858630072,-0.0726728168046753,3.331568374047351,0.0002464845827208073,0.09071870251506096
2015-07-05,3.33064694898308,-0.0350532576552709,3.331651960430033,-0.0010050114469533078,0.08858029041043287
2015-07-12,3.3280361931885607,-0.07838584618872213,3.331183986016031,-0.0031477928274701306,0.09793821397730632
2015-07-19,3.3279298661296055,-0.0031948889009369985,3.32960696673283,-0.0016771006032243463,0.03514422824549947
2015-07-26,3.324181484115695,-0.1126340447273333,3.3276986231042356,-0.003517138988540669,0.04805812054202411
2015-08-02,3.329105837683911,0.14813732618830233,3.327313345279443,0.0017924924044678825,0.11583732948469533
2015-08-09,3.3267785561624317,-0.06990710523935295,3.326998936022911,-0.00022037986047918068,0.11427290480993596
2015-08-16,3.326508183111954,-0.008127173056848846,3.326643515268498,-0.00013533215654382147,0.1142102276852422
2015-08-23,,,,,
2015-08-30,3.3084558932542625,,,,
2015-09-06,3.304995170876672,-0.10460234288287573,,,
2015-09-13,3.3013980007404666,-0.10884040521157434,,,
2015-09-20,3.299129259259259,-0.06872062928185985,3.3034945810326652,-0.0043653217734060945,
2015-09-27,3.3147216274089937,0.4726207106306335,3.305061014571348,0.009660612837645743,0.28390858035731564
2015-10-04,3.31908714329549,0.13170082972875363,3.3085840076760524,0.010503135619437387,0.2656771668912107
2015-10-11,3.495258162953921,5.30781543396035,3.357049048229416,0.13820911472450526,2.574358431737953
2015-10-18,3.515226576852419,0.5713001148281993,3.4110733776277056,0.10415319922471333,2.465175100246356
2015-10-25,3.5231769611675787,0.22616989662949116,3.463187211067352,0.05998975010022667,2.5061781649748873
2015-11-01,3.5300930837233486,0.19630358145501514,3.515938696174317,0.014154387549031533,2.4940910404742747
2015-11-08,3.550960543506663,0.5911305817835499,3.5298642913125025,0.02109625219416067,0.21410806727252435
2015-11-15,3.606818134308858,1.573027639080271,3.5527621806766123,0.05405595363224558,0.6431364162608617
2015-11-22,3.62882489211901,0.6101432617524827,3.57917416341447,0.049650728704540015,0.5855304154675183
2015-11-29,3.644661517492049,0.4364119472238137,3.607816271856645,0.036845245635404034,0.5194263898548498
2015-12-06,3.658919090909091,0.3911906043569502,3.6348059087072517,0.024113182201839223,0.5549735832601237
2015-12-13,3.6660740300870946,0.19554789270364026,3.649619882651811,0.016454147435283506,0.17037915783598895
2015-12-20,3.6663912353757686,0.00865245180732277,3.6590114684660007,0.0073797669097679375,0.1963373082088833
2015-12-27,3.672807779919397,0.17500981569336105,3.666048034072838,0.006759745846559362,0.15662378840195718
2016-01-03,3.673412902091756,0.016475737599641604,3.6696714868685043,0.003741415223251554,0.10011975554530635
2016-01-10,3.6958414869367004,0.6105653092298269,3.6771133510809055,0.018728135855794914,0.28252125660983146
2016-01-17,3.7140900932606016,0.4937605248602317,3.689038065552114,0.02505202770848758,0.27550411391104995
2016-01-24,3.724572005619951,0.28222019649899455,3.7019791219772524,0.022592883642698514,0.2610182761696429
2016-01-31,3.7330765575501585,0.2283363542811223,3.7168950358418527,0.01618152170830589,0.17927065525111693
2016-02-07,3.7406573992609538,0.20307222726152485,3.728099013922916,0.01255838533803777,0.13213160510524466
2016-02-14,3.7434703501671653,0.07519937289011125,3.7354440781495573,0.008026272017608083,0.08778105763915345
2016-02-21,3.750498593035526,0.18774672191665953,3.7419257250034508,0.008572868032075132,0.0676941486954162
2016-02-28,3.7560586582367406,0.14824869449463485,3.7476712501750966,0.008387408061643953,0.0571220630712747
2016-03-06,3.760121775750132,0.10817502821691694,3.752537344297391,0.007584431452741125,0.04880928048830245
2016-03-13,3.7648855939638532,0.1266931896845458,3.757891155246563,0.006994438717290219,0.03419642187323733
2016-03-20,3.7697860783969066,0.1301629043100272,3.762713026586908,0.007073051809998621,0.016421688509317155
2016-03-27,3.7696436376454,-0.003778483673733124,3.7661092714390727,0.0035343662063271886,0.06346598150937663
2016-04-03,3.7723140394088666,0.07083963419773909,3.769157337353757,0.0031567020551097613,0.06270428310431933
2016-04-10,3.767949542897328,-0.11569812231810861,3.7699233245871255,-0.001973781689797338,0.10598639607728112
2016-04-17,3.764263639563534,-0.09782252367849242,3.768542714878782,-0.004279075315248182,0.08684322350340055
2016-04-24,3.7617280562884785,-0.06735934349564321,3.766563819539552,-0.004835763251073377,0.08461993237044761
2016-05-01,3.751052742616034,-0.28378749108667334,3.7612484953413436,-0.010195752725309593,0.097152083515763
2016-05-08,3.7395142355008786,-0.307607168090851,3.7541396684922312,-0.01462543299135266,0.12404572704792895
2016-05-15,3.7278987875593046,-0.31061381800083776,3.7450484554911743,-0.017149667931869672,0.1172706870276264
2016-05-22,3.719170209028632,-0.23414204698372076,3.734408993676212,-0.015238784647580328,0.03536216748862644
2016-05-29,3.7143769136019706,-0.1288807760135624,3.7252400364226963,-0.010863122820725657,0.08529559028589076
2016-06-05,3.708449313621964,-0.1595853118271373,3.7174738059529675,-0.009024492331003664,0.08127415047873826
2016-06-12,3.707242562929062,-0.03254057399326715,3.712309749795407,-0.005067186866344997,0.08348970210525648
2016-06-19,3.699877924362357,-0.1986554276309893,3.7074866786288387,-0.007608754266481554,0.07091878513039442
2016-06-26,3.6980392813105514,-0.04969469505193835,3.7034022705559835,-0.005362989245432104,0.0815580035589691
2016-07-03,3.695013039647577,-0.08183368084456744,3.7000432020623872,-0.005030162414810135,0.07482632871741764
2016-07-10,3.6931814494798094,-0.04956924774323079,3.696527923700074,-0.0033464742202644615,0.07079149736750187
2016-07-17,3.695074453069866,0.05125671770942475,3.6953270558769513,-0.00025260280708527816,0.057838886157576354
2016-07-24,3.695042680776014,-0.000859855308876778,3.694577905743317,0.00046477503269715115,0.058141655790296745
2016-07-31,3.6939589571957017,-0.029329122122212503,3.6943143851303475,-0.00035542793464582445,0.0437501017364212
2016-08-07,3.697732429099877,0.10215251300571548,3.6954521300353647,0.0022802990645125476,0.058101968051840314
2016-08-14,3.698696387665198,0.026068910712284676,3.6963576136841976,0.0023387739810005748,0.05648914539823859
2016-08-21,3.6978146582100067,-0.02383892492857642,3.6970506080426957,0.000764050167310959,0.060923349185758424
2016-08-28,3.6933271028037384,-0.1213569586648866,3.6968926444447052,-0.003565541640966785,0.09369898025989487
2016-09-04,3.692760873393203,-0.01533114708701655,3.6956497555180365,-0.002888882124833625,0.06242513230135191
2016-09-11,3.6925603736999824,-0.005429533622536287,3.6941157520267325,-0.001555378326750123,0.05377401589270649
2016-09-18,3.6906953221535748,-0.050508356198897264,3.692335918012625,-0.0016405958590501868,0.05249424040156532
2016-09-25,3.6872506619594,-0.09333363752619395,3.69081680780154,-0.0035661458421403225,0.03980483948126325
2016-10-02,3.6929077139837974,0.1534219542696169,3.6908535179491886,0.0020541960346087684,0.10774310699706474
2016-10-09,3.6999352162400707,0.19029726168522387,3.692697228584211,0.007237987655859701,0.142625242979656
2016-10-16,3.708540792951542,0.23258722676275934,3.6971585962837024,0.011382196667839573,0.14633710758069374
2016-10-23,3.7159844715016765,0.20071718138525707,3.7043420486692713,0.011642422832405241,0.03262984681622735
2016-10-30,3.7189032656663725,0.07854699574447732,3.7108409365899155,0.008062329076456987,0.0671160590784552
2016-11-06,3.7228986962649753,0.10743572266289636,3.7165818065961416,0.006316889668833703,0.07352354208393999
2016-11-13,3.726508799718409,0.09697023067147814,3.7210738082878585,0.005434991430550706,0.054523630377146186
2016-11-20,3.7232694473776835,-0.08692726932432171,3.7228950522568605,0.0003743951208230456,0.09140591529442985
2016-11-27,3.7164112988384375,-0.1841969440078084,3.7222720605498765,-0.005860761711439011,0.1429658384839941
2016-12-04,3.7086476793248946,-0.2089009770250505,3.718709306314856,-0.010061626989961603,0.1388583602543067
2016-12-11,3.7323410292562564,0.6388676407157456,3.720167363699318,0.012173665556938218,0.40289312639157937
2016-12-18,3.7822367957746477,1.3368490748106643,3.734909200798559,0.047327594976088516,0.7408812053648487
2016-12-25,3.7988797746875553,0.44003006188033655,3.755526319760839,0.043353454926716495,0.6364069159666855
2017-01-01,3.797733039647577,-0.030186136650578455,3.777797659841509,0.019935379806067743,0.5677822577652128
2017-01-08,3.802266137566137,0.11936325885035792,3.7952789369189794,0.006987200647157632,0.612483796861447
2017-01-15,3.8131337804447583,0.2858201526518611,3.803003183086507,0.010130597358251059,0.2036426735931554
2017-01-22,3.8195680858550314,0.16874061548195485,3.8081752608783757,0.011392824976655724,0.1309104299872232
2017-01-29,3.813312202852615,-0.16378508935561698,3.812070051679635,0.0012421511729798773,0.19077579423151486
2017-02-05,3.813590692755156,0.007303097352817645,3.81490119047689,-0.001310497721734194,0.19564654056605257
2017-02-12,3.8028906497622823,-0.28057659709525007,3.8123404078062713,-0.009449758043988954,0.19670356642724132
2017-02-19,3.799382487667372,-0.09224988089335806,3.8072940082593565,-0.007911520591984633,0.1212027144737261
2017-02-26,3.79092509693338,-0.2225990871265071,3.801697231779548,-0.010772134846167791,0.12956973271972513
2017-03-05,3.7789276431331227,-0.3164782604109684,3.7930314693740392,-0.01410382624091655,0.0984038676618253
2017-03-12,3.754642882249561,-0.6426363025947568,3.7809695274958592,-0.02632664524629824,0.23484358712698283
2017-03-19,3.730749956101844,-0.6363568226601113,3.7638113946044767,-0.03306143850263288,0.21702166178455806
2017-03-26,3.715714109998243,-0.40302476125499975,3.7450086478706925,-0.0292945378724494,0.16535029315746141
2017-04-02,3.7120399647887323,-0.09888126752336523,3.728286728284595,-0.016246763495862737,0.2564094623847671
2017-04-09,3.6957717506164145,-0.43825536165108536,3.7135689453763088,-0.017797194759894275,0.2220148733477819
2017-04-16,3.685562753036437,-0.2762345260708954,3.7022721446099567,-0.016709391573519472,0.15348722231457576
2017-04-23,3.676273639725304,-0.2520405683902771,3.692412027041722,-0.016138387316417813,0.13892407203936755
2017-04-30,3.6759462649753343,-0.008905070243736546,3.6833886020883724,-0.0074423371130381,0.17711428257928563
2017-05-07,3.679655841863749,0.10091488343448862,3.679359624900206,0.0002962169635427614,0.18485239748896717
2017-05-14,3.6799553476879634,0.008139506439897026,3.677957773563088,0.0019975741248754453,0.15064978790977482
2017-05-21,3.6723889772125067,-0.205610388186106,3.6769866079348885,-0.00459763072238184,0.12887266069594017
2017-05-28,3.658096819787986,-0.3891787474912034,3.672524246638051,-0.01442742685006504,0.21984936788059042
2017-06-04,3.643461212228309,-0.40008803158264605,3.6634755892291913,-0.020014377000882266,0.19188504457049527
2017-06-11,3.6244072964399012,-0.52296194960052,3.649588576417176,-0.025181279977274595,0.1308134381559829
2017-06-18,3.611611071932299,-0.353057023148895,3.634394100097124,-0.022783028164824692,0.07388015979237103
2017-06-25,3.5939440324858754,-0.48917336597297245,3.6183559032715964,-0.024411870785721046,0.07841296846752945
2017-07-02,3.5708413062665487,-0.6428237615972776,3.600200926781156,-0.029359620514607165,0.11919069872881113
2017-07-09,3.5475086541858,-0.6534217031656353,3.5809762662176308,-0.03346761203183091,0.1424223879895972
2017-07-16,3.542323607427056,-0.1461602286051078,3.5636544000913197,-0.021330792664263853,0.23670395675049263
2017-07-23,3.522297454931071,-0.5653394414332102,3.545742755702619,-0.023445300771547828,0.2404119211744428
2017-07-30,3.787547082816102,7.530585683889135,3.5999191998400075,0.18762788297609445,3.998908103595928
2017-08-06,3.8191672056921084,0.8348443513604087,3.667833837716584,0.15133336797552444,3.7904263094004205
2017-08-13,3.8047851945586837,-0.37657453467838664,3.7334492344994916,0.07133596005919207,3.833664705714924
2017-08-20,3.8179893307468475,0.3470402536008388,3.8073722034534354,0.010617127293412132,3.665021220724207
2017-08-27,3.8101378002528445,-0.2056456897554293,3.8130198828126214,-0.002882082559776844,0.551241391824736
2017-09-03,3.824592041410547,0.37936268753175906,3.814376091742231,0.010215949668316071,0.38438450898600246
2017-09-10,3.8721322784810126,1.2430145896797917,3.831212862722813,0.04091941575819957,0.5983325801358592
2017-09-17,3.903462309932061,0.8091157325683884,3.852581107519116,0.050881202412945026,0.6184282939403026
2017-09-24,3.9019898926089707,-0.03772080287144375,3.875544130608148,0.026445762000822715,0.5515300239229051
2017-10-01,3.9247783888709153,0.5840224318650833,3.9005907174732397,0.024187671397675636,0.5336342216127657
2017-10-08,3.915355001577785,-0.24009985684417812,3.9113963982474327,0.0039586033303522505,0.4979417588951011
2017-10-15,3.927811387900356,0.3181419390464235,3.917483667739507,0.01032772016084893,0.3669314318780507
2017-10-22,3.920402087946852,-0.18863685706315136,3.9220867165739772,-0.00168462862712504,0.3997894707622057
2017-10-29,3.9272658473479947,0.1750779447405426,3.922708581193247,0.004557266154747719,0.27328792229357973
2017-11-05,3.9244916165770323,-0.07064025912164595,3.924992734943059,-0.0005011183660266205,0.23004215956928012
2017-11-12,3.9752111721020342,1.2923853706493516,3.9368426809934784,0.03836849110855578,0.6773865637057036
2017-11-19,3.9993660234103134,0.6076369345557664,3.9565836648593438,0.04278235855096968,0.5973999106529871
2017-11-26,4.071499032258065,1.8036110829946717,3.9926419610868615,0.07885707117120333,0.8160526548437367
2017-12-03,4.081852969196571,0.254302822043484,4.031982299241745,0.04987066995482525,0.6930249378429244
2017-12-10,4.095137853470437,0.3254620970946309,4.0619639695838465,0.03317388388659026,0.720252614948971
2017-12-17,4.090975586556754,-0.10163923810662112,4.084866360370457,0.006109226186296723,0.8430813148389028
2017-12-24,4.125267759562842,0.8382394927697767,4.098308542196651,0.026959217366190558,0.3874563055825934
2017-12-31,4.134715187874961,0.2290136995403147,4.1115240968662485,0.023191091008712306,0.3892854525175306
2018-01-07,4.186121341237495,1.2432816053033813,4.134269968808013,0.05185137242948201,0.6031493757554193
2018-01-14,4.20876953803404,0.5410305853640107,4.163718456677334,0.045051081356705325,0.4323192041583305
2018-01-21,4.224536975813468,0.3746329571372442,4.188535760739991,0.03600121507347698,0.4493230120163608
2018-01-28,4.230860469157254,0.1496848857043931,4.212572081060564,0.018288388096689978,0.47214951871267824
2018-02-04,4.247717040125065,0.39841944896774617,4.227971005782457,0.019746034342607466,0.16181622254443506
2018-02-11,4.241796251301631,-0.13938755259600422,4.2362276840993545,0.005568567202276498,0.2500087740025599
2018-02-18,4.239620486111111,-0.05129348657075816,4.239998561673765,-0.0003780755626543453,0.23893212485621232
2018-02-25,4.2368950199548845,-0.06428561625161366,4.2415071993731726,-0.004612179418288065,0.24480327704889077
2018-03-04,4.223597709128774,-0.31384565261783903,4.2354773666241,-0.011879657495326157,0.12083706007663227
2018-03-11,4.223278719723183,-0.007552551818601483,4.230847983729488,-0.0075692640063049765,0.13854301998866703
2018-03-18,4.2358686396677045,0.29810772103970873,4.229910022118636,0.005958617549068457,0.2514223506366867
2018-03-25,4.233920725388601,-0.045986182405699516,4.2291664484770655,0.0047542769115356265,0.2505588839079951
2018-04-01,4.239861312607944,0.14030936346351996,4.233232349346858,0.006628963261086085,0.15673104851081618
2018-04-08,4.24920120585702,0.22028770661204344,4.239712970880317,0.009488234976702259,0.14758083673129685
2018-04-15,4.252505612156795,0.07776535258485762,4.2438722140025895,0.008633398154205274,0.11237703163269683
2018-04-22,4.2562164397725315,0.08726214505463403,4.249446142598573,0.006770297173958717,0.06533306114495742
2018-04-29,4.264066367092983,0.18443440157547286,4.255497406219832,0.008568960873151177,0.07083125688582866
2018-05-06,4.267569262577533,0.08214917834259428,4.260089420399961,0.007479842177572138,0.05116847154728808
2018-05-13,4.294644620963564,0.6344444980297181,4.270624172601653,0.024020448361911306,0.2625005700349664
2018-05-20,4.318200344827586,0.548490642253352,4.286120148865416,0.03208019596216971,0.27009270732667734
2018-05-27,4.463969610805047,3.3756948343553805,4.3360959597934325,0.12787365101161452,1.496798597143225
2018-06-03,4.6460742268041235,4.079432251471693,4.43072220085008,0.21535202595404357,1.8336134779193929
2018-06-10,4.622023965141612,-0.5176469528566763,4.512567036894593,0.10945692824701947,2.2057458186598544
2018-06-17,4.60175653852905,-0.43849678767171607,4.583456085319958,0.01830045320909157,2.445276042973732
2018-06-24,4.571266516776202,-0.6625735520244147,4.610280311812747,-0.039013795036544785,2.3113653598056194
2018-07-01,4.546377512127512,-0.5444662777230214,4.585356133143594,-0.03897862101608229,0.09281567816953822
2018-07-08,4.5304886619352605,-0.34948374062354626,4.562472307342006,-0.031983645406745254,0.13520231744470182
2018-07-15,4.532786516853933,0.050719802876431075,4.545229801923227,-0.012443285069294596,0.31267521820235533
2018-07-22,4.538611398963731,0.12850554704351147,4.537066022470109,0.0015453764936221859,0.321434673844304
2018-07-29,4.5310248575867424,-0.16715556169273338,4.533227858834916,-0.0022030012481737415,0.21656715430545714
2018-08-05,4.51348521017125,-0.3871011077355657,4.528976995893914,-0.015491785722663742,0.23217256569676187
2018-08-12,4.505630878284924,-0.17401922285302796,4.522188086251662,-0.016557207966737764,0.21185962192103533
2018-08-19,4.4834930112165665,-0.49133778745729106,4.508408489314871,-0.024915478098304078,0.16085125506641776
2018-08-26,4.47846159157604,-0.11222097654527419,4.495267672812195,-0.016806081236155457,0.17796720498288424
2018-09-02,4.490618530020704,0.2714534488256204,4.489551002774558,0.001067527246146227,0.31301518693874275
2018-09-09,4.54947201105736,1.3105874089105685,4.500511285967668,0.0489607250896924,0.7758814123939115
2018-09-16,4.660857414448669,2.4483149499676005,4.544852386775694,0.11600502767297538,1.148944564125627
2018-09-23,4.683387342209925,0.48338590430621053,4.596083824434165,0.0873035177757604,0.9875505552132996
2018-09-30,4.727100760456274,0.9333718322286355,4.655204382043057,0.07189637841321694,0.8406081141048785
2018-10-07,4.731739747361135,0.09813598524632816,4.700771316119001,0.03096843124213411,1.0298812118490048
2018-10-14,4.757515554787418,0.5447427120364834,4.724935851203688,0.03257970358373008,0.34190380894808525
2018-10-21,4.762073242356193,0.09579974077411624,4.744607326240255,0.017465916115938285,0.40323600817092
2018-10-28,4.763867092983062,0.03766953038257803,4.753798909371952,0.010068183611110726,0.23543777362162907
2018-11-04,4.751601520649732,-0.2574709179312906,4.758764352694101,-0.007162832044368628,0.3313491203898855
2018-11-11,4.7001921224630205,-1.081938330966814,4.744433494613002,-0.04424137214998147,0.5428030956582487
2018-11-18,4.663035757263194,-0.7905286471642237,4.719674123339752,-0.05663836607655792,0.5062409283454302
2018-11-25,4.592651507321275,-1.5094083255160151,4.676870226924305,-0.0842187196030304,0.5256490053863124
2018-12-02,4.5542659666035465,-0.8358034711873241,4.627536338412759,-0.0732703718092127,0.3292433080394579
2018-12-09,4.44337319339298,-2.434920885687042,4.563331606145249,-0.11995841275226926,0.7686761964527812
2018-12-16,4.41599517906336,-0.616153834891231,4.50157146159529,-0.08557628253192995,0.8175958984003362
2018-12-23,4.391942866976424,-0.5446634588953003,4.451394301509078,-0.05945143453265356,0.8933216373597174
2018-12-30,4.38878012721334,-0.07201231570804767,4.410022841661526,-0.02124271444818593,1.0403894945562961
2019-01-06,4.374192063219378,-0.3323945053320454,4.392727559118126,-0.01853549589874781,0.24460449715601393
2019-01-13,4.35501941580756,-0.43831288463603846,4.377483618304176,-0.022464202496615293,0.20268229469481805
2019-01-20,4.306291688177595,-1.1188865760987654,4.356070823604468,-0.04977913542687329,0.44636398997002197
2019-01-27,4.294529705527811,-0.27313483390070115,4.3325082181830865,-0.03797851265527541,0.39147802583057617
2019-02-03,4.264243090128756,-0.7052370684517917,4.3050209749104305,-0.04077788478167488,0.36910106154156713
2019-02-10,4.253171708490891,-0.2596329853589707,4.279559048081263,-0.026387339590372427,0.4092855866928346
2019-02-17,4.224291995877706,-0.6790159107738503,4.25905912500629,-0.034767129128584706,0.2460973174190646
2019-02-24,4.223739549286083,-0.013077850493325993,4.241361585945858,-0.01762203665977502,0.3364619720676963
2019-03-03,4.268355071220182,1.0563038135634972,4.242389581218716,0.025965490001466307,0.73974918726112
2019-03-10,4.290791272977152,0.5256404723273267,4.251794472340281,0.03899680063687061,0.7428213784644788
2019-03-17,4.336541888869775,1.0662512572157556,4.279856945588298,0.05668494328147666,0.5141909868599857
2019-03-24,4.358136677007928,0.49797254797834256,4.313456227518759,0.04468044948916905,0.31746424492178016
2019-03-31,4.397075348357131,0.8934706328654229,4.345636296802996,0.05143905155413453,0.2795140325114468
2019-04-07,4.3954743545611015,-0.03641042441148157,4.371807067198984,0.02366728736211776,0.48949968476874267
2019-04-14,4.434082887238819,0.8783701044155601,4.396192316791245,0.03789057044757449,0.43669367790209435
2019-04-21,4.454095328391657,0.4513321392893399,4.420181979637177,0.0339133487544796,0.4394571369095891
2019-04-28,4.5325601652608025,1.7616335323806132,4.4540531838630955,0.07850698139770707,0.7630576508637116
2019-05-05,4.539615583075335,0.15566076471764667,4.490088490991654,0.049527092083681445,0.6993022909466861
2019-05-12,4.596780555076711,1.259246977089834,4.530762907951126,0.06601764712558467,0.7363468949916547
2019-05-19,4.593927785419532,-0.06206016630548872,4.565721022208095,0.028206763211437114,0.8740974863237726
2019-05-26,4.590557748412563,-0.07335851072072241,4.580220417996035,0.010337330416527735,0.635057239308837
2019-06-02,4.590281523417396,-0.00601724257280889,4.59288690308155,-0.002605379664154306,0.6538594909695585
2019-06-09,4.561441952734173,-0.6282745521401512,4.5840522524959155,-0.02261029976174278,0.29205279364975767
2019-06-16,4.531121540312876,-0.6647111316000043,4.568350691219251,-0.03722915090637535,0.3517307214233263
2019-06-23,4.482194176430048,-1.0798069186078285,4.541259798223623,-0.05906562179357522,0.4426830771738637
2019-06-30,4.464720646381296,-0.3898432187663392,4.509869578964598,-0.045148932583302326,0.2866422555528651
2019-07-07,4.434122931034483,-0.6853220564115858,4.4780398235396754,-0.043916892505192706,0.28390985206809377
2019-07-14,4.4198459152016545,-0.3219806048430307,4.45022091726187,-0.030375002060215373,0.34519306478741507
2019-07-21,4.383793590627154,-0.8156918875950381,4.425620770811147,-0.041827180183992674,0.23558867768409128
2019-07-28,4.371144088245432,-0.28855150499711435,4.4022266312771805,-0.031082543031748067,0.26286648895385656
2019-08-04,4.35732609445019,-0.31611846958786716,4.383027422131107,-0.02570132768091682,0.25382297317627184
2019-08-11,4.36583537110384,0.19528666134231987,4.369524786106654,-0.003689415002813945,0.41290865878964184
2019-08-18,4.3681957945536025,0.05406579151805424,4.365625337088266,0.00257045746533624,0.25343652226297375
2019-08-25,4.366027050310131,-0.049648512692024305,4.364346077604441,0.0016809727056896762,0.21607696612767385
2019-09-01,4.3489693103448275,-0.3906924938564482,4.3622568815781,-0.013287571233272288,0.24969743862592272
2019-09-08,4.347071637678663,-0.0436349978752526,4.357565948221806,-0.01049431054314276,0.19470235799822003
2019-09-15,4.351696333275951,0.10638645927072421,4.353441082902393,-0.0017447496264413331,0.21030471953162477
2019-09-22,4.356474806534824,0.10980713939834352,4.351053021958567,0.005421784576257416,0.2352479015483387
2019-09-29,4.40574237463381,1.1309044648917466,4.3652462880308125,0.04049608660299775,0.5414396295768871
2019-10-06,4.411946271741002,0.14081388741453704,4.381464946546397,0.030481325194604558,0.5061879271298596
2019-10-13,4.418861801242237,0.15674555117612954,4.398256313537968,0.020605487704268732,0.4979393486948237
2019-10-20,4.418526859504132,-0.007579819265013388,4.4137693267802955,0.0047575327238362775,0.5223894415340922
2019-10-27,4.420507313715367,0.04482159493894855,4.417460561550684,0.0030467521646828644,0.07840319820645775
2019-11-03,4.424420534943917,0.08852425639944705,4.420579127351413,0.0038414075925041757,0.0695675742234627
2019-11-10,4.436230225745304,0.26692062176536524,4.42492123347718,0.011308992268124207,0.11916219940607531
2019-11-17,4.440751033057851,0.10190650805972368,4.430477276865609,0.010273756192241912,0.09735270634798095
2019-11-24,4.448982625150525,0.18536486354214787,4.4375961047244,0.011386520426125202,0.08277919804531039
2019-12-01,4.459589915677164,0.23842058781426978,4.446388449907711,0.013201465769452803,0.07251985492823299
2019-12-08,4.519107480653482,1.3345972634634329,4.467107763634756,0.05199971701872652,0.5824002928021926
2019-12-15,4.546482681371705,0.6057656480935147,4.493540675713219,0.05294200565848595,0.5297820353432955
2019-12-22,4.582665287831782,0.7958373317537903,4.526961341383533,0.05570394644824894,0.4568774595447615
2019-12-29,4.585015002586653,0.05127397720077198,4.558317613110906,0.02669738947574718,0.529649199282303
2020-01-05,4.5941074379576525,0.1983076471040901,4.577067602436948,0.01703983552070465,0.34672821893321937
2020-01-12,4.596211697722567,0.045803451341352996,4.589499856524664,0.0067118411979034676,0.3557706999378267
2020-01-19,4.62119135377196,0.54348358370373,4.599131373009708,0.022059980762251463,0.23345388455273317
2020-01-26,4.624430983973807,0.07010378826235453,4.608985368356496,0.015445615617310615,0.22934774136112998
2020-02-02,4.61337033839779,-0.23917851978648708,4.613801093466531,-0.0004307550687405737,0.32426772496330003
2020-02-09,4.610155157568451,-0.06969266704167643,4.617286958428002,-0.007131800859550452,0.33622382955385016
2020-02-16,4.589001894265541,-0.45884059386120946,4.609239593551398,-0.020237699285856614,0.22792428281907345
2020-02-23,4.579118194348725,-0.21537798729538427,4.597911396145127,-0.018793201796402315,0.16059205789191208
2020-03-01,4.5726400550585,-0.1414713273446444,4.587728825310305,-0.015088770251804995,0.16913307977015013
2020-03-08,4.573731186499053,0.023862176497924104,4.578622832542955,-0.004891646043901687,0.20063077083855396
2020-03-15,4.557529563868298,-0.35423206940056184,4.570754749943644,-0.013225186075345619,0.15746324071266016
2020-03-22,4.534106280193237,-0.5139469387266171,4.559501771404772,-0.02539549121153506,0.23612198905993165
2020-03-29,4.435601286732743,-2.1725338440080955,4.525242079323332,-0.08964079259058977,0.9720678168853407
2020-04-05,4.353039674289674,-1.8613398073000331,4.470069201270988,-0.11702952698131419,0.9249470124371804
2020-04-12,4.192437814397224,-3.689418703004499,4.37879626390322,-0.18635844950599534,1.3035097763101955
2020-04-19,4.14819120458891,-1.0553909626606073,4.282317495002138,-0.13412629041322788,1.1020933772930133
2020-04-26,4.032691069574247,-2.7843493541689246,4.181589940712514,-0.14889887113826727,1.1398070887719214
2020-05-03,3.9785677452846513,-1.3421143190943563,4.0879719584612575,-0.1094042131766062,1.2389054252617113
2020-05-10,3.858629449557215,-3.014609864808404,4.004519867251256,-0.14589041769404076,0.9933256120567392
2020-05-17,3.844100764419736,-0.376524497296471,3.9284972572089623,-0.08439649278922623,1.245651830743077
2020-05-24,3.833078641953924,-0.286728240004297,3.8785941503038814,-0.045515508349957656,1.2666340159183798
2020-05-31,3.8604294382801663,0.7135464435005678,3.8490595735527604,0.011369864727405865,1.5941781971354143
2020-06-07,3.9228292810003476,1.6163964066127523,3.8651095314135433,0.05771974958680426,0.9401073818074307
2020-06-14,3.9343096684603367,0.29265580114823386,3.8876617574236936,0.04664791103664312,0.8011811545790405
2020-06-21,4.007043674176776,1.8487107484069343,3.9311530154794068,0.07589065869736933,0.736458367837363
2020-06-28,4.035343045438779,0.7062406492940765,3.97488141726906,0.060461628169719006,0.7378030450494099
2020-07-05,4.087426512578314,1.2906825157877444,4.016030725163551,0.0713957874147626,0.679866560419264
2020-07-12,4.106102421180979,0.4569111773677914,4.0589789133437115,0.047123507837267375,0.6226724397950605
2020-07-19,4.160764838597709,1.3312482692774186,4.097409204448946,0.06335563414876333,0.43355676111810226
2020-07-26,4.193066434782609,0.776337943573524,4.136840051784903,0.056226382997706104,0.42188020050359365
2020-08-02,4.232466250216901,0.9396420506829983,4.173099986194549,0.05936626402235223,0.36371658342757335
2020-08-09,4.244674891398784,0.28845218036310794,4.207743103749001,0.03693178764978278,0.4318037343148558
2020-08-16,4.261088169062878,0.3866792648208106,4.232823936365293,0.02826423269758571,0.31037601995352593
2020-08-23,4.281989849555918,0.4905244778738549,4.255054790058621,0.026935059497297686,0.28763232980346587
2020-08-30,,,,,
2020-09-06,,,,,
2020-09-13,,,,,
2020-09-20,,,,,
2020-09-27,,,,,
2020-10-04,,,,,
2020-10-11,,,,,
2020-10-18,,,,,
2020-10-25,4.453401594419532,,,,
2020-11-01,4.458039584364176,0.10414488445094072,,,
2020-11-08,4.42942024291498,-0.6419714519712572,,,
2020-11-15,4.448580360426628,0.43256490603471587,4.447360445531329,0.0012199148952989347,
2020-11-22,4.479210387323944,0.6885348676578307,4.453812643757432,0.025397743566511366,0.5770945202065212
2020-11-29,4.4921686285245,0.2892974448627905,4.462344904797513,0.02982372372698716,0.5800555947424493
2020-12-06,4.510366573033708,0.40510377089706395,4.482581487327195,0.027785085706512724,0.1683090194027118
2020-12-13,4.530613886934084,0.448906171428054,4.503089868954059,0.02752401798002513,0.16781694378732975
2020-12-20,4.5182514260640625,-0.2728650284164358,4.512850128639089,0.005401297424973528,0.3338446127028484
2020-12-27,4.538034636318654,0.43785102662659003,4.524316630587627,0.013718005731027105,0.3522340507319124
2021-01-03,4.5988965092889895,1.3411504725690637,4.546449114651447,0.05244739463754211,0.661014940037132
2021-01-10,4.613465624281444,0.3167958870791576,4.567162048988288,0.04630357529315621,0.6669438942073465
2021-01-17,4.600916721311475,-0.2720059927166618,4.587828372800141,0.013088348511334225,0.6666311433694135
2021-01-24,4.65298944647857,1.131790213152395,4.61656707534012,0.03642237113845059,0.7459309066152043
2021-01-31,4.723742963940193,1.5206034373271615,4.647778689002921,0.07596427493727198,0.805984082907573
2021-02-07,4.818475020644096,2.0054447802740683,4.699031038093583,0.11944398255051247,0.979812632320876
2021-02-14,4.8701722035323805,1.072895110315919,4.76634490864881,0.10382729488357079,0.43041447272064326
2021-02-21,4.981112007874016,2.2779441815459656,4.848375548997671,0.13273645887634444,0.5326918239364303
2021-02-28,5.205562524500196,4.506032313093433,4.968830439137672,0.2367320853625241,1.454870952439721
2021-03-07,5.326790404040404,2.32881420537443,5.0959092849867496,0.23088111905365416,1.4295439325284396
2021-03-14,5.543152501713502,4.061772310564082,5.2641543595320295,0.27899814218147245,1.1579362643626188
2021-03-21,5.650769011576135,1.9414315198682752,5.431568610457559,0.21920040111857642,1.2637206005515023
2021-03-28,5.623598486213733,-0.48082880943710604,5.536077600885943,0.08752088532778934,1.8718466398431015
2021-04-04,5.514464701729615,-1.94063969452406,5.582996175308246,-0.06853147357863065,2.649353533092387
2021-04-11,5.518443884642113,0.07215900595483049,5.576819021040399,-0.05837513639828629,1.6052051712229891
2021-04-18,5.498612160055431,-0.35937168160528055,5.538779808160223,-0.04016764810479234,0.8750990919950717
2021-04-25,5.534290344827586,0.6488579978660702,5.516452772813686,0.01783757201390035,1.110277479745787
2021-05-02,5.542960911481157,0.1566698910488995,5.523576825251572,0.019384086229584874,0.41342247107161306
2021-05-09,5.576322380251757,0.6018709008302592,5.538046449153983,0.038275931097774496,0.469882445622672
2021-05-16,5.622048321464903,0.8200017519625735,5.568905489506351,0.05314283195855207,0.2827751269966445
2021-05-23,5.6886983512786005,1.1855115075981804,5.6075074911191045,0.08119086015949595,0.42997509388201954
2021-05-30,5.695377847721823,0.11741695605500535,5.64561172517927,0.04976612254255297,0.44637071650459825
2021-06-06,5.716380869565217,0.3687731069817568,5.680626347507635,0.035754522057581895,0.4745083040758183
2021-06-13,5.716690234202386,0.005411896866713839,5.704286825692007,0.012403408510379244,0.5329383246238886
2021-06-20,5.7354120445894505,0.3274938753031087,5.715965249019719,0.01944679556973128,0.17256146361780192
2021-06-27,5.757159365761892,0.37917626498964463,5.731410628529737,0.02574873723215454,0.17793988750800518
2021-07-04,5.75695999701823,-0.00346297072906232,5.741555410392989,0.015404586625241024,0.20455880471504087
2021-07-11,5.807022316821465,0.8695964507164256,5.764138431047759,0.04288388577370572,0.3600041900524037
2021-07-18,5.884109208819715,1.327477109480868,5.801312722105326,0.08279648671438888,0.5794744877255141
2021-07-25,5.885504916358064,0.023719946194367125,5.833399109754368,0.0521058066036959,0.6557004944364396
2021-08-01,5.890767977376784,0.08942412067471928,5.866851104844008,0.023916872532776523,0.6305226407243816
2021-08-08,5.90685930907173,0.27316186542643006,5.891810352906573,0.015048956165157001,0.608580071848879
2021-08-15,5.934700724456658,0.47134041845502406,5.904458231815808,0.030242492640849328,0.20120403264645437
2021-08-22,6.006652418735603,1.2123895983909616,5.934745107410194,0.0719073113254094,0.4925485121482163
2021-08-29,6.051612189440993,0.748499622937282,5.974956160426246,0.07665602901474688,0.4070764135889221
2021-09-05,6.073226573426574,0.357167368115463,6.016547976514957,0.05667859691161681,0.38065147042981357
2021-09-12,6.119382392174299,0.7599884211414221,6.062718393444367,0.056663998729932,0.3496192601208771
2021-09-19,6.153752289976445,0.561656317573811,6.099493361254577,0.054258928721868216,0.18964868868171564
2021-09-26,6.156243855109961,0.04048855098659487,6.12565127767182,0.030592577438141255,0.30727261671811074
2021-10-03,6.165298550006197,0.147081485226086,6.1486692718167255,0.016629278189471464,0.3400393095813745
2021-10-10,6.183401535793906,0.29362707484279493,6.164674057721627,0.018727478072278814,0.22587691766952206
2021-10-17,6.374055522100446,3.0833188691191893,6.219749865752628,0.1543056563478178,1.4651394530412842
2021-10-24,6.429461557447859,0.869243061270919,6.288054291337102,0.1414072661107575,1.3595443072376225
2021-10-31,6.610808279399194,2.8205584609377388,6.3994317236853515,0.2113765557138425,1.3927760888748988
2021-11-07,6.767468007755696,2.3697514998988867,6.545448341675798,0.22201966607989743,0.9892226487211371
2021-11-14,6.81486977975689,0.7004358490778406,6.6556519060899095,0.15921787366698048,1.0635010886131333
2021-11-21,6.8243228629660715,0.13871260221671733,6.754367232469463,0.06995563049660891,1.2900299197593241
2021-11-28,6.822430589087397,-0.02772837564505304,6.807272809891514,0.015157779195883236,1.0948941273789605
2021-12-05,6.807891333414367,-0.21310961662674988,6.817378641306181,-0.00948730789181429,0.3943527544630728
2021-12-12,6.780285541146528,-0.4054969581013257,6.808732581653591,-0.02844704050706337,0.23482861017553378
2021-12-19,6.75373849033063,-0.3915329325704042,6.79108648849473,-0.03734799816410028,0.1775931269502478
2021-12-26,6.698467498764212,-0.8183762466602684,6.760095715913934,-0.061628217149722,0.2562640204257622
2022-01-02,6.690357740585775,-0.1210688591074538,6.730712317706786,-0.040354577121011204,0.2876843274291517
2022-01-09,6.659515299877601,-0.46099837862292325,6.7005197573895545,-0.041004457511953696,0.28718172085942045
2022-01-16,6.672566514045291,0.19597843957097627,6.6802267633182195,-0.007660249272928077,0.43689830722372025
2022-01-23,6.732056442010002,0.891559909361539,6.688623999129667,0.04343244288033521,0.5763646222751111
2022-01-30,6.728823319452707,-0.048025779123284096,6.6982403938464,0.030582925606307043,0.5669929258699813
2022-02-06,6.7063477636928965,-0.3340191099212686,6.709948509800224,-0.0036007461073275238,0.5236829850600627
2022-02-13,6.6849025592862175,-0.3197747143800056,6.713032521110456,-0.02812996182423877,0.5779301674269134
2022-02-20,6.653419503750721,-0.4709575832449908,6.6933732865456355,-0.039953782794914794,0.1770880873394527
2022-02-27,6.641971735443754,-0.1720584174876305,6.671660390543397,-0.029688655099643135,0.12220317428721061
2022-03-06,6.641286481438245,-0.010317026822803665,6.655395069979734,-0.014108588541489553,0.1975118425900242
2022-03-13,6.732751412429378,1.3772170685117935,6.667357283265524,0.06539412916385423,0.8200074009623655
2022-03-20,7.309905694162588,8.572339098510628,6.831478830868491,0.47842686329409734,4.145760090992398
2022-03-27,7.26993268682259,-0.5468334204628555,6.988469068713201,0.281463618109389,4.227944197179674
2022-04-03,7.271616268166901,0.023158142129187098,7.146051515395364,0.12556475277153734,4.221748450227671
2022-04-10,7.258712350240734,-0.17745598021524644,7.277541749848203,-0.0188293996074691,4.409348898234351
2022-04-17,7.2737297002724794,0.20688724538378,7.268497751375675,0.005231948896804006,0.32289666064198125
2022-04-24,7.321931582961106,0.6626845466476627,7.281497475410305,0.04043410755080146,0.3587366061755102
2022-05-01,7.340241213708796,0.25006558092264264,7.298653711795779,0.04158750191301763,0.3435355955058192
2022-05-08,7.363111209668477,0.31157008732858316,7.324753426652715,0.03835778301576198,0.2077443590538087
2022-05-15,7.363294611164892,0.0024908152436164954,7.347144654375818,0.01614995678907416,0.27233521053197524
2022-05-22,7.35548307889399,-0.10608746061929741,7.3555325283590385,-4.9449465048923e-05,0.19867857703851824
2022-05-29,7.334825350345117,-0.2808480194611329,7.354178562518118,-0.019353212173001566,0.24892074160440358
2022-06-05,7.30631101376721,-0.38875276800647285,7.3399785135428015,-0.033667499775591914,0.17493475982996357
2022-06-12,7.323204657505507,0.23121988246141978,7.329956025127956,-0.006751367622448434,0.2711764847980843
2022-06-19,7.309943473792394,-0.1810844341148088,7.318571123852557,-0.00862765006016275,0.27100074071178937
2022-06-26,7.46263698630137,2.08884669295204,7.35052403284162,0.11211295345975003,1.1306101174188854
2022-07-03,7.2136529913189005,-3.336407699309396,7.327359527229543,-0.11370653591064261,2.2526054586668827
2022-07-10,6.572841827582568,-8.883310085853878,7.1397688197488085,-0.5669269921662403,4.755935933201373
2022-07-17,6.157332520928262,-6.321608180355787,6.851616081532775,-0.6942835606045135,4.715216727308875
2022-07-24,5.98455623257255,-2.806024975400623,6.48209589310057,-0.49753966052801957,2.825713627697222
2022-07-31,5.831694539781592,-2.5542694704574376,6.1366062802162435,-0.30491174043465197,3.0299616765733424
2022-08-07,5.70674315920398,-2.1426256077927364,5.920081613121596,-0.21333845391761574,1.92978823952112
2022-08-14,5.605551028935548,-1.7732028136788758,5.7821362401234175,-0.17658521118786918,0.45517305919168094
2022-08-21,5.495784053508865,-1.9581835016766802,5.659943195357497,-0.16415914184863123,0.3341087922156499
2022-08-28,5.356110724820902,-2.5414631893839967,5.541047241617324,-0.1849365167964221,0.328407846246051
2022-09-04,5.271284161490684,-1.5837343118603076,5.432182492189,-0.16089833069831627,0.4141268088481427
2022-09-11,5.147056657522684,-2.3566838774419008,5.317558899335784,-0.17050224181309925,0.42701180382089116
2022-09-18,5.073591736119263,-1.427319073631117,5.212010819988383,-0.13841908386912039,0.5536500702818123
2022-09-25,4.58,-9.728645145121707,5.017983138783158,-0.4379831387831583,3.990436856362605
2022-10-02,4.9349687499999995,7.750409388646284,4.9339042859104865,0.0010644640895129953,7.164861756209258
2022-10-09,4.916964285714286,-0.36483441330228406,4.876381192958387,0.040583092755898775,7.149167018534262
2022-10-16,4.903787149731107,-0.2679933230644749,4.833930046361348,0.06985710336975881,7.146465174726597
2022-10-23,4.935642330195878,0.6496036530973415,4.9228406289103175,0.012801701285560796,3.899293238355515
2022-10-30,4.9841239945065725,0.9822766940401406,4.935129440036961,0.048994554469611096,0.6688922310648391
2022-11-06,5.0503261128302785,1.3282598586366046,4.968469896815959,0.08185621601431947,0.685816635727944
2022-11-13,5.078523809523809,0.558334176121722,5.012154061764135,0.06636974775967452,0.35021337307821654
2022-11-20,5.1017183509668005,0.4567181786072183,5.053673066956865,0.048045284009935685,0.40190583779068106
2022-11-27,5.110141329951078,0.16510082299390216,5.085177400817992,0.02496392913308565,0.49626172210167246
2022-12-04,5.087717292687352,-0.43881442441319196,5.09452519578226,-0.00680790309490753,0.44823696892474457
2022-12-11,5.082860075265139,-0.0954694835185621,5.095609262217593,-0.012749186952453861,0.38105410797945566
2022-12-18,5.028650577838206,-1.0665156353749539,5.077342318935443,-0.04869174109723762,0.5326282943203982
2022-12-25,5.01691368788143,-0.2334003879390978,5.054035408418032,-0.0371217205366019,0.42915867927852147
2023-01-01,5.047935162094763,0.6183378097228909,5.044089875769885,0.003845286324878572,0.6909984635558716
2023-01-08,5.200044247787611,3.0132931745051605,5.073385918900502,0.1266583288871086,1.7602069082264309
2023-01-15,5.12894083825087,-1.367361625182184,5.098458484003668,0.03048235424720147,1.8578952036388068
2023-01-22,5.0740565476190485,-1.0700901484864578,5.112744198938073,-0.03868765131902485,2.0100192491307047
2023-01-29,5.073847777152505,-0.004114468661997606,5.119222352702509,-0.045374575550003904,2.00108349842754
2023-02-05,5.202226849923643,2.5302113585123243,5.1197680032365165,0.08245884668712655,1.7715146719074526
2023-02-12,5.17912101910828,-0.4441526961805331,5.132313048450869,0.046807970657410713,1.5799144321577387
2023-02-19,5.1643471749489445,-0.2852577513602683,5.154885705283343,0.009461469665601463,1.399239020186572
2023-02-26,5.167736591989137,0.06563108415007513,5.178357908992501,-0.01062131700336355,1.392124091940525
2023-03-05,5.336846450925556,3.2724163843522502,5.21201280924298,0.12483364168257616,1.7597739681785471
2023-03-12,5.637083505296465,5.625739041430355,5.326503430790026,0.3105800745064391,2.8055963611697345
2023-03-19,5.6133355168347965,-0.4212814736442194,5.438750516261489,0.17458500057330717,2.845806048693408
2023-03-26,5.587536078379452,-0.45960976994818825,5.543700387859067,0.043835690520385384,2.9820147961717116
2023-04-02,5.55797023887221,-0.5291391248755439,5.59898133484573,-0.04101109597351993,3.0482015075884172
2023-04-09,5.583586260937704,0.4608880754045197,5.58560702375604,-0.002020762818336408,0.4675851006577715
2023-04-16,5.579700490575781,-0.06959273449588244,5.577198267191287,0.0025022233844937958,0.4543319761214142
2023-04-23,5.58691422855714,0.1292853979087738,5.577042804735709,0.009871423821430803,0.4139023970447769
2023-04-30,5.592522191224956,0.10037674534453256,5.5856807928238945,0.006841398401061127,0.22185139363918005
2023-05-07,5.603776562694172,0.20123963901073072,5.590728368263012,0.013048194431160454,0.11473838230575654
2023-05-14,5.577886849007118,-0.4620047462171928,5.590274957870847,-0.01238810886372832,0.30577449989773975
2023-05-21,5.547422563585998,-0.5461617678125252,5.58040204162806,-0.03297947804206203,0.3818859664117597
2023-05-28,5.348806006893156,-3.5803394173825387,5.519472995545112,-0.17066698865195562,1.689086776733608
2023-06-04,5.318952809535393,-0.5581282499176554,5.448267057255416,-0.1293142477200231,1.529718677846602
2023-06-11,5.50719146837628,3.539017276171874,5.4305932120977065,0.0765982562785732,2.9226224890215824
2023-06-18,5.488689860320745,-0.33595360106463135,5.415910036281394,0.07277982403935113,2.918281482481198
2023-06-25,5.453243776189303,-0.6458022776563155,5.442019478605431,0.011224297583871667,2.030348286452514
2023-07-02,5.455639387730505,0.0439300284293731,5.476191123154208,-0.02055173542370259,1.9463597923488622
2023-07-09,5.749691859759796,5.38988102275606,5.5368162210000875,0.2128756387597086,2.865162815390613
2023-07-16,5.715733284078316,-0.590615575751896,5.5935770769394795,0.12215620713883624,2.910561641838448
2023-07-23,5.672219151748167,-0.7613044585435991,5.648320920829196,0.02389823091897103,2.9334677974109513
2023-07-30,5.635695110258869,-0.6439109722698455,5.693334851461287,-0.05763974120241855,3.0284185167891122
2023-08-06,5.613766587677725,-0.3891005839053663,5.659353533440769,-0.04558694576304401,0.15541039081289343
2023-08-13,5.6173527992278,0.06388244851409652,5.63475841222814,-0.01740561300034038,0.3656437103108046
2023-08-20,5.743884798099763,2.2525200640657106,5.652674823816039,0.09120997428372402,1.3206280228369258
2023-08-27,5.961065662002153,3.7810797315127154,5.7340174617518604,0.2270482002502927,1.9476041274780225
2023-09-03,5.947043300947583,-0.23523245422296668,5.817336640069325,0.12970666087825844,1.9007307980630683
2023-09-10,5.934277064664568,-0.21466526535935948,5.896567706428517,0.03770935823605104,1.9729329977114172
2023-09-17,5.922400145684108,-0.200140958216799,5.941196543324603,-0.01879639764049479,1.99893148981098
2023-09-24,5.915827190332326,-0.11098465470239516,5.929886925407146,-0.014059735074820168,0.05477332761486895
2023-10-01,5.892666104959075,-0.3915105128679319,5.916292626410019,-0.023626521450943905,0.1174382022221028
2023-10-08,5.886115906288532,-0.11115849012776069,5.904252336816011,-0.01813643052747871,0.1322185931528578
2023-10-15,5.874265025343954,-0.2013361804839353,5.892218556730972,-0.017953531387018273,0.13220997652712468
2023-10-22,5.843816728167282,-0.5183337327360094,5.8742159411897115,-0.030399213022429095,0.18377041941303493
2023-10-29,5.80701726844584,-0.6297161843571986,5.852803732061402,-0.04578646361556249,0.24819829146893074
2023-11-05,5.780033617481091,-0.4646731655401304,5.826283159859541,-0.04624954237845014,0.18162873043016065
2023-11-12,5.7613167130582115,-0.32381999243520365,5.798046081788106,-0.03672936872989485,0.12707359968184662
2023-11-19,5.761393034825871,0.001324727861029551,5.7774401584527535,-0.01604712362688243,0.2679765308987801
2023-11-26,5.756107358691788,-0.0917430229483096,5.76471268101424,-0.008605322322451592,0.21297710350825352
2023-12-03,5.7538919815231555,-0.03848741919810772,5.758177272024757,-0.004285290501601757,0.14550952399469277
2023-12-10,5.73916377141488,-0.25596952733160094,5.752639036613924,-0.01347526519904374,0.11311937591190264
2023-12-17,5.7263070931193205,-0.22401657815717124,5.743867551187287,-0.017560458067966245,0.10410064225853496
2023-12-24,5.711499395405078,-0.2585907020605793,5.732715560365609,-0.02121616496053047,0.10503500324130545
2023-12-31,5.6973276904474,-0.248125824351475,5.718574487596669,-0.021246797149268914,0.015746758014728128
2024-01-07,5.7039373547045145,0.11601341218614447,5.709767883419078,-0.005830528714563243,0.1803774190854182
2024-01-14,5.702945662535749,-0.01738609853328965,5.703927525773185,-0.0009818632374365421,0.18308719483622457
2024-01-21,5.697898568308664,-0.08849977758408345,5.7005273189990815,-0.0026287506904179025,0.15165665966855715
2024-01-28,5.684743717342623,-0.23087197513846913,5.697381325722888,-0.012637608380265064,0.14458381758347874
2024-02-04,5.685213695395514,0.008267356916324964,5.692700410895637,-0.007486715500123253,0.10728187782898725
2024-02-11,5.855578797242691,2.9966349723169916,5.7308586945723725,0.12472010267031841,1.5532766405995735
2024-02-18,5.8642192807777915,0.1475598541884393,5.772438872689655,0.09178040808813659,1.5188858800331178
2024-02-25,5.86043187419317,-0.0645850095857825,5.816360911902292,0.0440709622908777,1.485719610195755
2024-03-03,5.849219300305236,-0.19132675080327788,5.857362313129721,-0.00814301282448504,1.5228074346869884
2024-03-10,5.847566901408451,-0.028249905020649724,5.855359339171162,-0.007792437762711657,0.13986195936318288
2024-03-17,5.842370248322938,-0.08886863841199855,5.849897081057449,-0.007526832734511046,0.06996413169312389
2024-03-24,5.848286323773406,0.10126156335550363,5.846860693452508,0.0014256303208979304,0.12223508392665604
2024-03-31,5.848104030895486,-0.003117030662103115,5.846581876100069,0.0015221547954169523,0.07930806778922042
2024-04-07,5.859121114683815,0.18838727440766423,5.849470429418911,0.00965068526490409,0.12094535691967771
2024-04-14,5.886139315230224,0.46113060333736744,5.860412696145733,0.02572661908449092,0.19886766838844247
2024-04-21,5.905207259953162,0.32394654121761235,5.874642930190672,0.03056432976249024,0.19806460431271072
2024-04-28,5.942355860113421,0.6290820715504353,5.8982058874951555,0.04414997261826592,0.18866018767629544
2024-05-05,5.942347035199623,-0.00014850867242621746,5.9190123676241075,0.023334667575515056,0.2667523817565667
2024-05-12,5.954478903714389,0.20415954239803025,5.936097264745149,0.018381638969239944,0.26311060363184285
2024-05-19,5.9587632508833925,0.07195167265319213,5.9494862624777065,0.009276988405686026,0.2815587116017849
2024-05-26,5.947756753540403,-0.18471110328738272,5.950836485834452,-0.003079732294049009,0.1621672613030343
2024-06-02,5.951339090245683,0.06023004728881176,5.953084499595967,-0.0017454093502839996,0.16212761017202032
2024-06-09,5.94181669966228,-0.16000416778485516,5.94991894858294,-0.00810224892065925,0.1381202369811634
2024-06-16,5.9423201692524685,0.00847332752988983,5.945808178175208,-0.003488008922739816,0.12161872052124419
2024-06-23,5.953798777621063,0.1931671138823532,5.947318684195373,0.006480093425689226,0.1460823245477103
2024-06-30,5.951440891124686,-0.03960305990251545,5.9473441344151246,0.004096756709561333,0.14669018796742456
2024-07-07,5.948536385936222,-0.04880339470051398,5.94902405598361,-0.0004876700473879225,0.11273866670440502
2024-07-14,6.053535203668735,1.765120206388171,5.9768278145876765,0.07670738908105879,0.8723148203919036
2024-07-21,6.195930659415364,2.352269392277262,6.037360785036252,0.15856987437911219,1.237550607281374
2024-07-28,6.203649155722326,0.12457363923583653,6.100412851185662,0.10323630453666421,1.193185321190469
2024-08-04,6.20291147807255,-0.01189102786536278,6.164006624219743,0.03890485385280673,1.1819620551510863
2024-08-11,6.2152094419429655,0.19826115387733267,6.2044251837883015,0.010784258154663995,1.1276764734789468
2024-08-18,6.1993958920660495,-0.25443309714069384,6.205291491950973,-0.005895599884923719,0.19908566857099924
2024-08-25,6.19409247027741,-0.0855473965685305,6.202902320589743,-0.008809850312332834,0.18762054204762554
2024-09-01,6.186195741195741,-0.1274880722165861,6.198723386370541,-0.012527645174800206,0.19104719661129338
2024-09-08,6.184806022788931,-0.022464830809598713,6.191122531582033,-0.00631650879310186,0.09798597153320869
2024-09-15,6.185835713314293,0.016648711723021847,6.1877324868940935,-0.0018967735798005592,0.06423760441785653
2024-09-22,6.17971550687859,-0.09893903943375415,6.184138246044388,-0.004422739165798717,0.06668273327522832
2024-09-29,6.166475287745429,-0.2142528910663022,6.1792081326818105,-0.01273284493638105,0.10170799567789822
2024-10-06,6.175767466954411,0.15068866370788747,6.176948493723181,-0.001181026768770188,0.15637465695978747
2024-10-13,6.1775087861584215,0.02819599690773167,6.174866761934213,0.002642024224208228,0.15778224633981072
2024-10-20,6.180298044504384,0.045151831304757195,6.175012396340661,0.005285648163722456,0.15429533056311692
2024-10-27,6.195539405254034,0.2466120669245564,6.182278425717813,0.013260979536220852,0.1016214717288193
2024-11-03,6.1900026748696,-0.08936639769797639,6.185837227696609,0.004165447172990611,0.13945635689687383
2024-11-10,6.189677927283138,-0.005246323847007961,6.188879512977789,0.0007984143053487713,0.14277363173618943
2024-11-17,6.189802813017098,0.0020176451089648495,6.191255705105967,-0.0014528920888690067,0.14480463972337912
2024-11-24,6.18773377796304,-0.03342650996420726,6.1893042982832185,-0.001570520320178126,0.04149264734832206
2024-12-01,6.199911702873161,0.19680751220245707,6.19178155528411,0.008130147589050729,0.10562501527069468
2024-12-08,6.210672043010753,0.17355634488480653,6.1970300842160135,0.013641958794739395,0.11726577005467312
2024-12-15,6.231152661064426,0.329764925789644,6.207367546227845,0.0237851148365813,0.150104696108886
2024-12-22,6.23479531338227,0.05845872370622285,6.219132930082653,0.015662383299617666,0.11128578687555439
2024-12-29,6.241970096745822,0.11507648612218979,6.229647528550817,0.01232256819500499,0.11689462115764217
2025-01-05,6.253106694921094,0.17841479537170635,6.2402561915284025,0.012850503392691337,0.11697998937226596
2025-01-12,6.238361774744027,-0.23580151269516625,6.2420584699483035,-0.003696695204276068,0.18323172446812205
2025-01-19,6.248699766835824,0.16571645674110513,6.2455345833116915,0.003165183524132864,0.19635100278791218
2025-01-26,6.288272223687682,0.6332910577954598,6.257110115047157,0.031162108640525155,0.3551775841278358
2025-02-02,6.299783264746227,0.18305570511378821,6.268779257503439,0.031004007242787956,0.3551547168327578
2025-02-09,6.440538224661935,2.2342825776781483,6.319323369982918,0.12121485467901749,0.9777231141809688
2025-02-16,6.457410205434063,0.26196538524563273,6.371500979632477,0.08590922580158633,0.9577561451359874
2025-02-23,6.454482023968043,-0.04534606557216048,6.4130534297025665,0.041428594265476626,1.0585803376731011
2025-03-02,6.448005787950539,-0.10033703701483043,6.450109060503646,-0.0021032725531071605,1.1092759644591452
2025-03-09,6.446367472190257,-0.025408100025958724,6.4515663723857255,-0.0051989001954684255,0.16261477178324737
2025-03-16,6.435913663568064,-0.16216588128571408,6.4461922369192255,-0.010278573351161668,0.06137877012931194
2025-03-23,6.4390989353414705,0.04949214579179628,6.442346464762583,-0.003247529421112283,0.09174139087119246
2025-03-30,6.419913804030929,-0.2979474535674931,6.43532346878268,-0.01540966475175054,0.1534439278119223
2025-04-06,6.41794227188082,-0.03070963583453601,6.42821716870532,-0.01027489682449989,0.15250113455084735
2025-04-13,6.412474213343779,-0.08519955938212087,6.42235730614925,-0.009883092805471172,0.1485864860098212
2025-04-20,6.40820453965825,-0.06658387298686952,6.414633707228445,-0.006429167570194849,0.12069571953388833
2025-04-27,6.389798941798942,-0.2872192631399706,6.4071049916704474,-0.017306049871505635,0.11543099722141353
2025-05-04,6.384868871151653,-0.07715533293290999,6.398836641488156,-0.013967770336503094,0.10572834687423259
2025-05-11,6.373774535123967,-0.17375981013192376,6.389161721933203,-0.015387186809235232,0.10271754958876893
2025-05-18,6.370465651784572,-0.05191403180581089,6.379726999964784,-0.009261348180211293,0.10692068561073657
2025-05-25,6.3655859930223535,-0.07659814884728444,6.373673762770637,-0.008087769748283513,0.05390264874854682
2025-06-01,6.361919361071751,-0.057600854887862596,6.367936385250661,-0.0060170241789103684,0.05684938270821482
2025-06-08,6.341617261280168,-0.3191190997454352,6.359897066789712,-0.01827980550954411,0.1289732837707511
2025-06-15,6.3126318558463765,-0.4570664585951345,6.345438617805161,-0.03280676195878485,0.19384862614013854
2025-06-22,6.310264305537201,-0.03750496406633719,6.331608195933874,-0.021343890396672727,0.20468191759527654
2025-06-29,6.310760095011877,0.00785687335220775,6.3188183794189055,-0.008058284407028715,0.22351221644192815
2025-07-06,6.308070326137875,-0.042621947808285654,6.310431645633332,-0.002361319495457259,0.21767364639219228
2025-07-13,6.302998536650259,-0.08040160025801768,6.308023315834303,-0.0050247791840440925,0.03615818591304178
2025-07-20,6.304172706245181,0.018628746113358297,6.306500416011298,-0.002327709766117181,0.046043151807301376
2025-07-27,6.29369696010133,-0.16617162365291094,6.302234632283661,-0.00853767218233159,0.07732946566902381
2025-08-03,6.27611999366788,-0.2792788808370972,6.294247049166162,-0.018127055498282196,0.12662578122002263
2025-08-10,6.279556971863827,0.054762786553075316,6.288386657969554,-0.008829686105727319,0.15742588217243197
2025-08-17,6.290043606914812,0.16699641547917032,6.284854383136961,0.005189223777850138,0.20329536612544213
2025-08-24,6.284837057728119,-0.0827744529619645,6.282639407543659,0.0021976501844598317,0.1921930089490788
2025-08-31,6.259405734422553,-0.4046457063559661,6.278460842732327,-0.019055108309774305,0.24754298431650446
2025-09-07,6.275887880751782,0.26331806929511536,6.277543569954316,-0.0016556892025345604,0.2983279524390504
2025-09-14,6.2761799816345265,0.004654335582388036,6.274077663634245,0.002102318000281933,0.27562565008859696
2025-09-21,6.2931013706883565,0.2696128712583956,6.276143741874304,0.01695762881405294,0.3169485153639561
2025-09-28,6.294317425083241,0.019323610462529395,6.284871664539477,0.009445760543764337,0.1470665311273332
2025-10-05,6.309592490176103,0.24268024729718896,6.2932978168955565,0.016294673280546235,0.1415193789504162
2025-10-12,6.311730627848846,0.03388709613294516,6.302185478449136,0.00954514939970963,0.13311385592412184
2025-10-19,6.3124982216531516,0.012161384088837934,6.307034691190336,0.005463530462815669,0.11081407576488292
2025-10-26,6.302761405497308,-0.15424663602191524,6.309145686293852,-0.006384280796543962,0.16274786579886535
2025-11-02,6.283043045887201,-0.3128527060045294,6.302508325221626,-0.019465279334425212,0.1619095610406527
2025-11-09,6.283866165831943,0.01310065741599864,6.295542209717401,-0.011676043885458398,0.1561871919984638
2025-11-16,6.2696783505154645,-0.22578162777595612,6.284837241932979,-0.015158891417514475,0.13819369590941963
2025-11-23,6.277810022840252,0.12969839711345355,6.278599396268715,-0.0007893734284634135,0.20548809248481262
2025-11-30,6.274394715556753,-0.05440284543610785,6.276437313686103,-0.0020425981293499262,0.1485615766325158
2025-12-07,6.278812312721329,0.07040674622562637,6.27517385040845,0.0036384623128791205,0.1571757216116065
2025-12-14,6.2857796773748795,0.11096628321622948,6.279199182123303,0.006580495251576224,0.08282970400535275
2025-12-21,6.287274204468517,0.023776320048507493,6.28156522753037,0.005708976938146648,0.07098000138626814
2025-12-28,6.303632892404201,0.2601872831322849,6.288874771742231,0.014758120661969798,0.10230479983623757
2026-01-04,6.305218291905673,0.025150568387033445,6.2954762665383175,0.009742025367355467,0.11119338361155694
